9	CO,C1CCCCC1,CO,OP,P,O=P
9	CO,C1CCCCC1,CO,OP,P,OP
9	O=P,P,OP,CO,C1CCCCC1,CO
9	OP,P,OP,CO,C1CCCCC1,CO
9	CO,C1CCCCC1,CO
9	O=P,P,OP
9	OP,P,OP
10	CN,C1=CNC=NC1,C1=CNCCN1,CC,CN,N,CN,C1=CC=CC=C1,CC,C,CN,CN,C,CC,CC,CC,C,C=O
10	CN,C1=CNC=NC1,C1=CNCCN1,CC,CN,N,CN,C1=CC=CC=C1,CC,C,CN,CN,C,CC,CC,CC,C,CO
10	C=O,C,CC,CC,CC,C,CN,CN,C,CC,C1=CC=CC=C1,CN,N,CN,CC,C1=CNCCN1,C1=CNC=NC1,C=O
10	CO,C,CC,CC,CC,C,CN,CN,C,CC,C1=CC=CC=C1,CN,N,CN,CC,C1=CNCCN1,C1=CNC=NC1,C=O
10	CN,C1=CNC=NC1,C1=CNCCN1,CC,CN,N,CN,C1=CC=CC=C1,CC,C,CN,CN,C,CC,C,C=O
10	CN,C1=CNC=NC1,C1=CNCCN1,CC,CN,N,CN,C1=CC=CC=C1,CC,C,CN,CN,C,CC,C,CO
10	C=O,C,CC,C,CN,CN,C,CC,C1=CC=CC=C1,CN,N,CN,CC,C1=CNCCN1,C1=CNC=NC1,C=O
10	CO,C,CC,C,CN,CN,C,CC,C1=CC=CC=C1,CN,N,CN,CC,C1=CNCCN1,C1=CNC=NC1,C=O
10	C=O,CN,N,CN,C1=CC=CC=C1,CC,C,CN,CN,C,CC,CC,CC,C,C=O
10	C=O,CN,N,CN,C1=CC=CC=C1,CC,C,CN,CN,C,CC,CC,CC,C,CO
10	C=O,CN,N,CN,C1=CC=CC=C1,CC,C,CN,CN,C,CC,C,C=O
10	C=O,CN,N,CN,C1=CC=CC=C1,CC,C,CN,CN,C,CC,C,CO
10	CN,C1=CNC=NC1,C1=CNCCN1,CC,CN,N,CN,C1=CC=CC=C1,CC,C,C=O
10	C=O,C,CC,C1=CC=CC=C1,CN,N,CN,CC,C1=CNCCN1,C1=CNC=NC1,C=O
10	C=O,C,CN,CN,C,CC,CC,CC,C,C=O
10	C=O,C,CN,CN,C,CC,CC,CC,C,CO
10	C=O,C,CC,CC,CC,C,CC,C,C=O
10	C=O,C,CC,CC,CC,C,CC,C,CO
10	CO,C,CC,CC,CC,C,CC,C,C=O
10	CO,C,CC,CC,CC,C,CC,C,CO
10	C=O,C,CN,CN,C,CC,C,C=O
10	C=O,C,CN,CN,C,CC,C,CO
10	CN,C1=CNC=NC1,C1=CNCCN1,CC,CN,N,CN,C=O
10	C=O,CN,N,CN,CC,C1=CNCCN1,C1=CNC=NC1,C=O
10	C=O,CN,N,CN,C1=CC=CC=C1,CC,C,C=O
10	CN,C1=CNC=NC1,C=O
10	C=O,C,CO
14	CC,CC,CC,CC,CC,C,CC,C=C,CC,C1CCCC1,CC,CC,CC,CC,CC,CC,CC,C,C=O
14	CC,CC,CC,CC,CC,C,CC,C=C,CC,C1CCCC1,CC,CC,CC,CC,CC,CC,CC,C,CO
14	C=O,C,CC,C=C,CC,C1CCCC1,CC,CC,CC,CC,CC,CC,CC,C,C=O
14	C=O,C,CC,C=C,CC,C1CCCC1,CC,CC,CC,CC,CC,CC,CC,C,CO
14	CC,CC,CC,CC,CC,C,CC,C=C,CC,C1CCCC1,C=O
14	CC,CC,CC,CC,CC,C,CC,C=C,CC,C1CCCC1,CO
14	C=O,C1CCCC1,CC,CC,CC,CC,CC,CC,CC,C,C=O
14	C=O,C1CCCC1,CC,CC,CC,CC,CC,CC,CC,C,CO
14	C=O,C,CC,CC,CC,CC,CC,CC,CC,C1CCCC1,CO
14	CO,C,CC,CC,CC,CC,CC,CC,CC,C1CCCC1,CO
14	C=O,C,CC,C=C,CC,C1CCCC1,C=O
14	C=O,C,CC,C=C,CC,C1CCCC1,CO
14	CC,CC,CC,CC,CC,C,C=O
14	C=O,C1CCCC1,CO
14	C=O,C,CO
15	CC,C1CCCCC1,C1CCCCC1,C1CCCCC1,C1CCCC1,CO
15	C=O,C1CCCCC1,C1CCCCC1,C1CCCCC1,C1CCCC1,CO
15	CC,C1CCCCC1,C1CCCCC1,C1CCCCC1,CC
15	C=O,C1CCCCC1,C1CCCCC1,C1CCCCC1,CC
15	CO,C1CCCC1,C1CCCCC1,CC
15	CC,C1CCCCC1,C=O
16	C=O,C1CCCNCCCCCCNCC1,C=O
24	CO,CC,C,CC,C,CC,C,C1CNCCN1,C1=NCCCN1,C=O
24	CO,CC,C,CC,C,CC,C,C1CNCCN1,C1=NCCCN1,CN
24	C=O,C1=NCCCN1,C1CNCCN1,C,CC,C,CC,C,CO
24	CN,C1=NCCCN1,C1CNCCN1,C,CC,C,CC,C,CO
24	CO,CC,C,CC,C,CC,C,C1CNCCN1,NO
24	CO,CC,C,CC,C,CC,C,C1CNCCN1,CO
24	NO,C1CNCCN1,C,CC,C,CC,C,CO
24	CO,C1CNCCN1,C,CC,C,CC,C,CO
24	C=O,C1=NCCCN1,C1CNCCN1,C,CC,C,CO
24	CN,C1=NCCCN1,C1CNCCN1,C,CC,C,CO
24	CO,CC,C,CC,C,CC,C,CO
24	NO,C1CNCCN1,C,CC,C,CO
24	CO,C1CNCCN1,C,CC,C,CO
24	CO,C,CC,C,CC,C,CO
24	C=O,C1=NCCCN1,C1CNCCN1,C,CO
24	CN,C1=NCCCN1,C1CNCCN1,C,CO
24	CO,CC,C,CC,C,CO
24	NO,C1CNCCN1,C1=NCCCN1,C=O
24	NO,C1CNCCN1,C1=NCCCN1,CN
24	C=O,C1=NCCCN1,C1CNCCN1,NO
24	C=O,C1=NCCCN1,C1CNCCN1,CO
24	CN,C1=NCCCN1,C1CNCCN1,NO
24	CN,C1=NCCCN1,C1CNCCN1,CO
24	NO,C1CNCCN1,C,CO
24	CO,C1CNCCN1,C,CO
24	CO,C,CC,C,CO
24	NO,C1CNCCN1,NO
24	NO,C1CNCCN1,CO
24	CO,CC,C,CO
24	C=O,C1=NCCCN1,CN
25	CO,CC,C,CC,C,CC,C1=CNCCN1,C1=CNC=NC1,C=O
25	CO,CC,C,CC,C,CC,C1=CNCCN1,C1=CNC=NC1,CN
25	C=O,C1=CNC=NC1,C1=CNCCN1,CC,C,CC,C,CO
25	CN,C1=CNC=NC1,C1=CNCCN1,CC,C,CC,C,CO
25	CO,CC,C,CC,C,CC,C1=CNCCN1,NO
25	CO,CC,C,CC,C,CC,C1=CNCCN1,CO
25	NO,C1=CNCCN1,CC,C,CC,C,CO
25	CO,C1=CNCCN1,CC,C,CC,C,CO
25	C=O,C1=CNC=NC1,C1=CNCCN1,CC,C,CO
25	CN,C1=CNC=NC1,C1=CNCCN1,CC,C,CO
25	CO,CC,C,CC,C,CO
25	NO,C1=CNCCN1,CC,C,CO
25	CO,C1=CNCCN1,CC,C,CO
25	CO,C,CC,C,CO
25	C=O,C1=CNC=NC1,C1=CNCCN1,NO
25	C=O,C1=CNC=NC1,C1=CNCCN1,CO
25	CN,C1=CNC=NC1,C1=CNCCN1,NO
25	CN,C1=CNC=NC1,C1=CNCCN1,CO
25	CO,CC,C,CO
25	NO,C1=CNCCN1,CO
25	C=O,C1=CNC=NC1,CN
26	CC,C,CC,C,CC,C1=NCCNC1,C1=NCCCN1,C=O
26	CC,C,CC,C,CC,C1=NCCNC1,C1=NCCCN1,CN
26	C=O,C,CC,C,CC,C1=NCCNC1,C1=NCCCN1,C=O
26	C=O,C,CC,C,CC,C1=NCCNC1,C1=NCCCN1,CN
26	CC,C,CC,C,CC,C1=NCCNC1,CO
26	CC,C,CC,C,CC,C1=NCCNC1,NO
26	C=O,C,CC,C,CC,C1=NCCNC1,CO
26	C=O,C,CC,C,CC,C1=NCCNC1,NO
26	C=O,C,CC,C1=NCCNC1,C1=NCCCN1,C=O
26	C=O,C,CC,C1=NCCNC1,C1=NCCCN1,CN
26	C=O,C,CC,C1=NCCNC1,CO
26	C=O,C,CC,C1=NCCNC1,NO
26	CC,C,CC,C,C=O
26	C=O,C,CC,C,C=O
26	C=O,C1=NCCCN1,C1=NCCNC1,CO
26	C=O,C1=NCCCN1,C1=NCCNC1,NO
26	CN,C1=NCCCN1,C1=NCCNC1,CO
26	CN,C1=NCCCN1,C1=NCCNC1,NO
26	CO,C1=NCCNC1,NO
26	C=O,C1=NCCCN1,CN
26	CC,C,C=O
27	C=O,C1=CNC=NC1,C1=CNCC=N1,CC,C,CC,C,CC,CO,OP,P,OP,OP,P,OP,OP,P,O=P
27	C=O,C1=CNC=NC1,C1=CNCC=N1,CC,C,CC,C,CC,CO,OP,P,OP,OP,P,OP,OP,P,OP
27	CN,C1=CNC=NC1,C1=CNCC=N1,CC,C,CC,C,CC,CO,OP,P,OP,OP,P,OP,OP,P,O=P
27	CN,C1=CNC=NC1,C1=CNCC=N1,CC,C,CC,C,CC,CO,OP,P,OP,OP,P,OP,OP,P,OP
27	CO,C1=CNCC=N1,CC,C,CC,C,CC,CO,OP,P,OP,OP,P,OP,OP,P,O=P
27	CO,C1=CNCC=N1,CC,C,CC,C,CC,CO,OP,P,OP,OP,P,OP,OP,P,OP
27	NO,C1=CNCC=N1,CC,C,CC,C,CC,CO,OP,P,OP,OP,P,OP,OP,P,O=P
27	NO,C1=CNCC=N1,CC,C,CC,C,CC,CO,OP,P,OP,OP,P,OP,OP,P,OP
27	C=O,C1=CNC=NC1,C1=CNCC=N1,CC,C,CC,C,CC,CO,OP,P,OP,OP,P,O=P
27	C=O,C1=CNC=NC1,C1=CNCC=N1,CC,C,CC,C,CC,CO,OP,P,OP,OP,P,OP
27	CN,C1=CNC=NC1,C1=CNCC=N1,CC,C,CC,C,CC,CO,OP,P,OP,OP,P,O=P
27	CN,C1=CNC=NC1,C1=CNCC=N1,CC,C,CC,C,CC,CO,OP,P,OP,OP,P,OP
27	CO,C,CC,C,CC,CO,OP,P,OP,OP,P,OP,OP,P,O=P
27	CO,C,CC,C,CC,CO,OP,P,OP,OP,P,OP,OP,P,OP
27	CO,C1=CNCC=N1,CC,C,CC,C,CC,CO,OP,P,OP,OP,P,O=P
27	CO,C1=CNCC=N1,CC,C,CC,C,CC,CO,OP,P,OP,OP,P,OP
27	NO,C1=CNCC=N1,CC,C,CC,C,CC,CO,OP,P,OP,OP,P,O=P
27	NO,C1=CNCC=N1,CC,C,CC,C,CC,CO,OP,P,OP,OP,P,OP
27	CO,C,CC,CO,OP,P,OP,OP,P,OP,OP,P,O=P
27	CO,C,CC,CO,OP,P,OP,OP,P,OP,OP,P,OP
27	C=O,C1=CNC=NC1,C1=CNCC=N1,CC,C,CC,C,CC,CO,OP,P,O=P
27	C=O,C1=CNC=NC1,C1=CNCC=N1,CC,C,CC,C,CC,CO,OP,P,OP
27	CN,C1=CNC=NC1,C1=CNCC=N1,CC,C,CC,C,CC,CO,OP,P,O=P
27	CN,C1=CNC=NC1,C1=CNCC=N1,CC,C,CC,C,CC,CO,OP,P,OP
27	CO,C,CC,C,CC,CO,OP,P,OP,OP,P,O=P
27	CO,C,CC,C,CC,CO,OP,P,OP,OP,P,OP
27	CO,C1=CNCC=N1,CC,C,CC,C,CC,CO,OP,P,O=P
27	CO,C1=CNCC=N1,CC,C,CC,C,CC,CO,OP,P,OP
27	NO,C1=CNCC=N1,CC,C,CC,C,CC,CO,OP,P,O=P
27	NO,C1=CNCC=N1,CC,C,CC,C,CC,CO,OP,P,OP
27	CO,C,CC,CO,OP,P,OP,OP,P,O=P
27	CO,C,CC,CO,OP,P,OP,OP,P,OP
27	O=P,P,OP,OP,P,OP,OP,P,O=P
27	O=P,P,OP,OP,P,OP,OP,P,OP
27	OP,P,OP,OP,P,OP,OP,P,O=P
27	OP,P,OP,OP,P,OP,OP,P,OP
27	CO,C,CC,C,CC,CO,OP,P,O=P
27	CO,C,CC,C,CC,CO,OP,P,OP
27	C=O,C1=CNC=NC1,C1=CNCC=N1,CC,C,CC,C,CO
27	CN,C1=CNC=NC1,C1=CNCC=N1,CC,C,CC,C,CO
27	CO,C1=CNCC=N1,CC,C,CC,C,CO
27	NO,C1=CNCC=N1,CC,C,CC,C,CO
27	CO,C,CC,CO,OP,P,O=P
27	CO,C,CC,CO,OP,P,OP
27	C=O,C1=CNC=NC1,C1=CNCC=N1,CC,C,CO
27	CN,C1=CNC=NC1,C1=CNCC=N1,CC,C,CO
27	O=P,P,OP,OP,P,O=P
27	O=P,P,OP,OP,P,OP
27	OP,P,OP,OP,P,O=P
27	OP,P,OP,OP,P,OP
27	CO,C1=CNCC=N1,CC,C,CO
27	NO,C1=CNCC=N1,CC,C,CO
27	CO,C,CC,C,CO
27	C=O,C1=CNC=NC1,C1=CNCC=N1,CO
27	C=O,C1=CNC=NC1,C1=CNCC=N1,NO
27	CN,C1=CNC=NC1,C1=CNCC=N1,CO
27	CN,C1=CNC=NC1,C1=CNCC=N1,NO
27	CO,C1=CNCC=N1,NO
27	O=P,P,OP
27	OP,P,OP
27	C=O,C1=CNC=NC1,CN
31	CO,CC,C,CC,C,CC,CO,OP,P,O=P
31	CO,CC,C,CC,C,CC,CO,OP,P,OP
31	CC,C,CC,C,CC,CO,OP,P,O=P
31	CC,C,CC,C,CC,CO,OP,P,OP
31	O=P,P,OP,CO,CC,C,CC,C,CO
31	OP,P,OP,CO,CC,C,CC,C,CO
31	O=P,P,OP,CO,CC,C,CO
31	OP,P,OP,CO,CC,C,CO
31	CO,CC,C,CC,C,CO
31	CC,C,CC,C,CO
31	CO,C,CC,C,CO
31	CC,C,CC,CO
31	CO,CC,C,CO
31	CC,C,CO
31	O=P,P,OP
31	OP,P,OP
41	CS,CS,CC,CC,C,CC,C,C=C,CO,OP,P,O=P
41	CS,CS,CC,CC,C,CC,C,C=C,CO,OP,P,OP
41	C=O,C,CC,C,C=C,CO,OP,P,O=P
41	C=O,C,CC,C,C=C,CO,OP,P,OP
41	CS,CS,CC,CC,C,CC,C,CO
41	O=P,P,OP,CO,C=C,C,CO
41	OP,P,OP,CO,C=C,C,CO
41	CS,CS,CC,CC,C,C=O
41	C=O,C,CC,C,CO
41	O=P,P,OP
41	OP,P,OP
42	C=O,C,CC,CC,CC,C,CC,C=C,CC,C=C,C,CC,C,C=O
42	C=O,C,CC,CC,CC,C,CC,C=C,CC,C=C,C,CC,C,CO
42	CO,C,CC,CC,CC,C,CC,C=C,CC,C=C,C,CC,C,C=O
42	CO,C,CC,CC,CC,C,CC,C=C,CC,C=C,C,CC,C,CO
42	C=O,C,CC,CC,CC,C,CC,C=C,CC,C=C,C,CO
42	CO,C,CC,CC,CC,C,CC,C=C,CC,C=C,C,CO
42	C=O,C,CC,C=C,CC,C=C,C,CC,C,C=O
42	C=O,C,CC,C=C,CC,C=C,C,CC,C,CO
42	C=O,C,CC,C=C,CC,C=C,C,CO
42	C=O,C,CC,CC,CC,C,C=O
42	CO,C,CC,CC,CC,C,C=O
42	C=O,C,CC,C,CO
42	CO,C,CC,C,CO
42	C=O,C,CO
46	O=P,P,OP,CO,CC,C,CC,C,CC,CC,C,CC,C,C=O
46	O=P,P,OP,CO,CC,C,CC,C,CC,CC,C,CC,C,CO
46	OP,P,OP,CO,CC,C,CC,C,CC,CC,C,CC,C,C=O
46	OP,P,OP,CO,CC,C,CC,C,CC,CC,C,CC,C,CO
46	O=P,P,OP,CO,CC,C,CC,C,CC,CC,C,C=O
46	OP,P,OP,CO,CC,C,CC,C,CC,CC,C,C=O
46	CO,C,CC,C,CC,CC,C,CC,C,C=O
46	CO,C,CC,C,CC,CC,C,CC,C,CO
46	O=P,P,OP,CO,CC,C,CC,C,CO
46	OP,P,OP,CO,CC,C,CC,C,CO
46	CO,C,CC,C,CC,CC,C,C=O
46	CO,C,CC,CC,C,CC,C,C=O
46	CO,C,CC,CC,C,CC,C,CO
46	O=P,P,OP,CO,CC,C,CO
46	OP,P,OP,CO,CC,C,CO
46	CO,C,CC,CC,C,C=O
46	CO,C,CC,C,CO
46	C=O,C,CC,C,C=O
46	C=O,C,CC,C,CO
46	O=P,P,OP
46	OP,P,OP
46	C=O,C,CO
61	O=P,P,OP,CO,C,CC,CO,OP,P,O=P
61	O=P,P,OP,CO,C,CC,CO,OP,P,OP
61	OP,P,OP,CO,C,CC,CO,OP,P,O=P
61	OP,P,OP,CO,C,CC,CO,OP,P,OP
61	C=O,C,CC,C,CC,CO,OP,P,O=P
61	C=O,C,CC,C,CC,CO,OP,P,OP
61	CO,C,CC,C,CC,CO,OP,P,O=P
61	CO,C,CC,C,CC,CO,OP,P,OP
61	C=O,C,CC,C,CO,OP,P,O=P
61	C=O,C,CC,C,CO,OP,P,OP
61	CO,C,CC,C,CO,OP,P,O=P
61	CO,C,CC,C,CO,OP,P,OP
61	O=P,P,OP
61	OP,P,OP
61	C=O,C,CO
68	O=P,P,C1COPOPOC1,C,CC,CO
68	OP,P,C1COPOPOC1,C,CC,CO
68	CC,C,C1COPOPOC1,P,O=P
68	CC,C,C1COPOPOC1,P,OP
68	O=P,P,C1COPOPOC1,P,O=P
68	O=P,P,C1COPOPOC1,P,OP
68	OP,P,C1COPOPOC1,P,OP
68	CO,C1COPOPOC1,C,CC,CO
68	CC,C,C1COPOPOC1,CO
68	O=P,P,C1COPOPOC1,CO
68	OP,P,C1COPOPOC1,CO
68	CC,C,CC,CO
68	O=P,P,OP
73	O=P,P,OP,CO,CC,C1CCOC1,CO,OP,P,O=P
73	O=P,P,OP,CO,CC,C1CCOC1,CO,OP,P,OP
73	OP,P,OP,CO,CC,C1CCOC1,CO,OP,P,O=P
73	OP,P,OP,CO,CC,C1CCOC1,CO,OP,P,OP
73	O=P,P,OP,CO,CC,C1CCOC1,CN,C1=NCCN1,C1=CN=CN=C1,CN
73	OP,P,OP,CO,CC,C1CCOC1,CN,C1=NCCN1,C1=CN=CN=C1,CN
73	O=P,P,OP,CO,C1CCOC1,CN,C1=NCCN1,C1=CN=CN=C1,CN
73	OP,P,OP,CO,C1CCOC1,CN,C1=NCCN1,C1=CN=CN=C1,CN
73	O=P,P,OP,CO,CC,C1CCOC1,CO
73	OP,P,OP,CO,CC,C1CCOC1,CO
73	O=P,P,OP,CO,C1CCOC1,CO
73	OP,P,OP,CO,C1CCOC1,CO
73	CO,C1CCOC1,CN,C1=NCCN1,C1=CN=CN=C1,CN
73	O=P,P,OP
73	OP,P,OP
5881	C=O,C1CCCC1,C1CCCCC1,C1=CCCCC1,C1CCCCC1,CO
5881	CC,C1CCCCC1,C1=CCCCC1,C1CCCCC1,CO
5881	C=O,C1CCCC1,C1CCCCC1,C1=CCCCC1,CC
5881	CC,C1CCCCC1,C1=CCCCC1,CC
5881	CO,C1CCCCC1,C1=CCCCC1,CC
5881	CC,C1CCCCC1,C1CCCC1,C=O
81	O=P,P,OP,CO,CC,C,CC,C,CC,C,CC,CC,C,CC,C,C=O
81	O=P,P,OP,CO,CC,C,CC,C,CC,C,CC,CC,C,CC,C,CO
81	OP,P,OP,CO,CC,C,CC,C,CC,C,CC,CC,C,CC,C,C=O
81	OP,P,OP,CO,CC,C,CC,C,CC,C,CC,CC,C,CC,C,CO
81	O=P,P,OP,CO,CC,C,CC,C,CC,C,CC,CC,C,C=O
81	OP,P,OP,CO,CC,C,CC,C,CC,C,CC,CC,C,C=O
81	CO,C,CC,C,CC,C,CC,CC,C,CC,C,C=O
81	CO,C,CC,C,CC,C,CC,CC,C,CC,C,CO
81	O=P,P,OP,CO,CC,C,CC,C,CC,C,CO
81	OP,P,OP,CO,CC,C,CC,C,CC,C,CO
81	CO,C,CC,C,CC,C,CC,CC,C,C=O
81	CO,C,CC,C,CC,CC,C,CC,C,C=O
81	CO,C,CC,C,CC,CC,C,CC,C,CO
81	O=P,P,OP,CO,CC,C,CC,C,CO
81	OP,P,OP,CO,CC,C,CC,C,CO
81	CO,C,CC,C,CC,CC,C,C=O
81	CO,C,CC,CC,C,CC,C,C=O
81	CO,C,CC,CC,C,CC,C,CO
81	O=P,P,OP,CO,CC,C,CO
81	OP,P,OP,CO,CC,C,CO
81	CO,C,CC,C,CC,C,CO
81	CO,C,CC,CC,C,C=O
81	CO,C,CC,C,CO
81	C=O,C,CC,C,C=O
81	C=O,C,CC,C,CO
81	O=P,P,OP
81	OP,P,OP
81	C=O,C,CO
82	C=O,C,CC,C,CO,CO,C1=CCCCC1,CO,OP,P,O=P
82	C=O,C,CC,C,CO,CO,C1=CCCCC1,CO,OP,P,OP
82	CO,C,CC,C,CO,CO,C1=CCCCC1,CO,OP,P,O=P
82	CO,C,CC,C,CO,CO,C1=CCCCC1,CO,OP,P,OP
82	C=O,C,CC,C,CO,CO,C1=CCCCC1,CC,C,C=O
82	C=O,C,CC,C,CO,CO,C1=CCCCC1,CC,C,CO
82	CO,C,CC,C,CO,CO,C1=CCCCC1,CC,C,C=O
82	CO,C,CC,C,CO,CO,C1=CCCCC1,CC,C,CO
82	C=C,C,CO,CO,C1=CCCCC1,CO,OP,P,O=P
82	C=C,C,CO,CO,C1=CCCCC1,CO,OP,P,OP
82	O=P,P,OP,CO,C1=CCCCC1,CC,C,C=O
82	O=P,P,OP,CO,C1=CCCCC1,CC,C,CO
82	OP,P,OP,CO,C1=CCCCC1,CC,C,C=O
82	OP,P,OP,CO,C1=CCCCC1,CC,C,CO
82	C=C,C,CO,CO,C1=CCCCC1,CC,C,C=O
82	C=C,C,CO,CO,C1=CCCCC1,CC,C,CO
82	C=O,C,CC,C,CO,CO,C1=CCCCC1,CO
82	CO,C,CC,C,CO,CO,C1=CCCCC1,CO
82	CO,C1=CCCCC1,CO,OP,P,O=P
82	CO,C1=CCCCC1,CO,OP,P,OP
82	C=C,C,CO,CO,C1=CCCCC1,CO
82	CO,C1=CCCCC1,CC,C,C=O
82	CO,C1=CCCCC1,CC,C,CO
82	C=C,C,CC,C,C=O
82	C=C,C,CC,C,CO
82	O=P,P,OP
82	OP,P,OP
82	C=O,C,CO
89	CN,C1=CC=CC=C1,CC,C,CC,CC,C,CC,C,C=O
89	CN,C1=CC=CC=C1,CC,C,CC,CC,C,CC,C,CO
89	C=O,C,CC,C,CC,CC,C,CC,C1=CC=CC=C1,CO
89	CO,C,CC,C,CC,CC,C,CC,C1=CC=CC=C1,CO
89	CN,C1=CC=CC=C1,CC,C,CC,CC,C,CN
89	CN,C,CC,CC,C,CC,C1=CC=CC=C1,CO
89	C=O,C,CC,CC,C,CC,C,C=O
89	C=O,C,CC,CC,C,CC,C,CO
89	C=O,C,CC,CC,C,CN
89	CN,C1=CC=CC=C1,CC,C,C=O
89	C=O,C,CC,C1=CC=CC=C1,CO
89	C=O,C,CC,C,CN
89	CO,C,CC,C,CN
89	CN,C1=CC=CC=C1,CO
89	C=O,C,CO
92	CO,CO,C1=CCCC=C1,C1=CC=NC=C1,CC,C,CC,C1CN2CCC1CC2,C,CC,C=C
92	CO,CO,C1=CCCC=C1,C1=CC=NC=C1,CC,C,CC,C1CN2CCC1CC2,C,CO
92	C=C,CC,C,C1CN2CCC1CC2,CC,C,CO
92	CO,CO,C1=CCCC=C1,C1=CC=NC=C1,CC,C,CO
92	CO,C,C1CN2CCC1CC2,CC,C,CO
92	C=C,CC,C,CO
97	CO,CC,C1CCOCC1,CO,CO,C1CCOCC1,CC,CO
97	CO,CC,C1CCOCC1,CO,CO,C1CCOCC1,C=O
97	CO,CC,C1CCOCC1,CO,CO,C1CCOCC1,CO
97	CO,C1CCOCC1,CO,CO,C1CCOCC1,CC,CO
97	CO,C1CCOCC1,CO,CO,C1CCOCC1,C=O
97	CO,C1CCOCC1,CO,CO,C1CCOCC1,CO
97	CO,CC,C1CCOCC1,CO
97	C=O,C1CCOCC1,CC,CO
97	CO,C1CCOCC1,CO
97	C=O,C1CCOCC1,CO
113	C=O,C,CC,C,CC,C,CC,CO,OP,P,O=P
113	C=O,C,CC,C,CC,C,CC,CO,OP,P,OP
113	CO,C,CC,C,CC,C,CC,CO,OP,P,O=P
113	CO,C,CC,C,CC,C,CC,CO,OP,P,OP
113	C=O,C,CC,C,CC,CO,OP,P,O=P
113	C=O,C,CC,C,CC,CO,OP,P,OP
113	CO,C,CC,CO,OP,P,O=P
113	CO,C,CC,CO,OP,P,OP
113	C=O,C,CC,C,CC,C,CO
113	CO,C,CC,C,CC,C,CO
113	C=O,C,CC,C,C=O
113	C=O,C,CC,C,CO
113	O=P,P,OP
113	OP,P,OP
113	C=O,C,CO
115	O=P,P,OP,CO,C1CCOCC1,CO
115	O=P,P,OP,CO,C1CCOCC1,CN
115	OP,P,OP,CO,C1CCOCC1,CO
115	OP,P,OP,CO,C1CCOCC1,CN
115	CO,C1CCOCC1,CO
115	CO,C1CCOCC1,CN
115	O=P,P,OP
115	OP,P,OP
116	C=O,C,CC,C,CO,CO,C1=CCCC=C1,CC,C,C=O
116	C=O,C,CC,C,CO,CO,C1=CCCC=C1,CC,C,CO
116	CO,C,CC,C,CO,CO,C1=CCCC=C1,CC,C,C=O
116	CO,C,CC,C,CO,CO,C1=CCCC=C1,CC,C,CO
116	C=C,C,CO,CO,C1=CCCC=C1,CC,C,C=O
116	C=C,C,CO,CO,C1=CCCC=C1,CC,C,CO
116	C=O,C,CC,C,CO,CO,C1=CCCC=C1,CN
116	CO,C,CC,C,CO,CO,C1=CCCC=C1,CN
116	C=C,C,CO,CO,C1=CCCC=C1,CN
116	CN,C1=CCCC=C1,CC,C,C=O
116	CN,C1=CCCC=C1,CC,C,CO
116	C=C,C,CC,C,C=O
116	C=C,C,CC,C,CO
116	C=O,C,CO
121	CO,CC,C,CC,C,CC,CO,OP,P,OP,OP,P,OP,CO,CC,C1CCOC1,CN,C1=CNCN=C1,C=O
121	CO,CC,C,CC,C,CC,CO,OP,P,OP,OP,P,OP,CO,CC,C1CCOC1,CN,C1=CNCN=C1,CN
121	CC,C,CC,C,CC,CO,OP,P,OP,OP,P,OP,CO,CC,C1CCOC1,CN,C1=CNCN=C1,C=O
121	CC,C,CC,C,CC,CO,OP,P,OP,OP,P,OP,CO,CC,C1CCOC1,CN,C1=CNCN=C1,CN
121	C=O,C1=CNCN=C1,CN,C1CCOC1,CC,CO,OP,P,OP,OP,P,OP,CO,CC,C,CC,C,CO
121	CN,C1=CNCN=C1,CN,C1CCOC1,CC,CO,OP,P,OP,OP,P,OP,CO,CC,C,CC,C,CO
121	CO,CC,C,CC,C,CC,CO,OP,P,OP,OP,P,OP,CO,CC,C1CCOC1,CO
121	CC,C,CC,C,CC,CO,OP,P,OP,OP,P,OP,CO,CC,C1CCOC1,CO
121	CO,C1CCOC1,CC,CO,OP,P,OP,OP,P,OP,CO,CC,C,CC,C,CO
121	C=O,C1=CNCN=C1,CN,C1CCOC1,CC,CO,OP,P,OP,OP,P,OP,CO,CC,C,CO
121	CN,C1=CNCN=C1,CN,C1CCOC1,CC,CO,OP,P,OP,OP,P,OP,CO,CC,C,CO
121	CO,C1CCOC1,CC,CO,OP,P,OP,OP,P,OP,CO,CC,C,CO
121	CO,CC,C,CC,C,CC,CO,OP,P,OP,OP,P,O=P
121	CO,CC,C,CC,C,CC,CO,OP,P,OP,OP,P,OP
121	O=P,P,OP,OP,P,OP,CO,CC,C1CCOC1,CN,C1=CNCN=C1,C=O
121	O=P,P,OP,OP,P,OP,CO,CC,C1CCOC1,CN,C1=CNCN=C1,CN
121	OP,P,OP,OP,P,OP,CO,CC,C1CCOC1,CN,C1=CNCN=C1,C=O
121	OP,P,OP,OP,P,OP,CO,CC,C1CCOC1,CN,C1=CNCN=C1,CN
121	CC,C,CC,C,CC,CO,OP,P,OP,OP,P,O=P
121	CC,C,CC,C,CC,CO,OP,P,OP,OP,P,OP
121	O=P,P,OP,OP,P,OP,CO,CC,C,CC,C,CO
121	OP,P,OP,OP,P,OP,CO,CC,C,CC,C,CO
121	O=P,P,OP,OP,P,OP,CO,CC,C1CCOC1,CO
121	OP,P,OP,OP,P,OP,CO,CC,C1CCOC1,CO
121	CO,CC,C,CC,C,CC,CO,OP,P,O=P
121	CO,CC,C,CC,C,CC,CO,OP,P,OP
121	O=P,P,OP,OP,P,OP,CO,CC,C,CO
121	OP,P,OP,OP,P,OP,CO,CC,C,CO
121	O=P,P,OP,CO,CC,C1CCOC1,CN,C1=CNCN=C1,C=O
121	O=P,P,OP,CO,CC,C1CCOC1,CN,C1=CNCN=C1,CN
121	OP,P,OP,CO,CC,C1CCOC1,CN,C1=CNCN=C1,C=O
121	OP,P,OP,CO,CC,C1CCOC1,CN,C1=CNCN=C1,CN
121	CC,C,CC,C,CC,CO,OP,P,O=P
121	CC,C,CC,C,CC,CO,OP,P,OP
121	O=P,P,OP,CO,CC,C,CC,C,CO
121	OP,P,OP,CO,CC,C,CC,C,CO
121	O=P,P,OP,CO,CC,C1CCOC1,CO
121	OP,P,OP,CO,CC,C1CCOC1,CO
121	O=P,P,OP,CO,CC,C,CO
121	OP,P,OP,CO,CC,C,CO
121	O=P,P,OP,OP,P,O=P
121	O=P,P,OP,OP,P,OP
121	OP,P,OP,OP,P,O=P
121	OP,P,OP,OP,P,OP
121	CO,CC,C,CC,C,CO
121	C=O,C1=CNCN=C1,CN,C1CCOC1,CO
121	CN,C1=CNCN=C1,CN,C1CCOC1,CO
121	CC,C,CC,C,CO
121	CO,C,CC,C,CO
121	CC,C,CC,CO
121	CO,CC,C,CO
121	CO,C1CCOC1,CO
121	CC,C,CO
121	O=P,P,OP
121	C=O,C1=CNCN=C1,CN
122	C=O,C,CC,CC,C,CC,CC,C,CC,C=C,CC,C,C=O
122	C=O,C,CC,CC,C,CC,CC,C,CC,C=C,CC,C,CO
122	CO,C,CC,CC,C,CC,CC,C,CC,C=C,CC,C,C=O
122	CO,C,CC,CC,C,CC,CC,C,CC,C=C,CC,C,CO
122	C=O,C,CC,CC,C,CC,C=C,CC,C,C=O
122	C=O,C,CC,CC,C,CC,C=C,CC,C,CO
122	C=O,C,CC,CC,C,CC,CC,C,C=O
122	CO,C,CC,CC,C,CC,CC,C,C=O
122	C=O,C,CC,C=C,CC,C,C=O
122	C=O,C,CC,C=C,CC,C,CO
122	C=O,C,CC,CC,C,C=O
122	C=O,C,CC,CC,C,CO
122	C=O,C,CO
130	C=O,C,CC,C,CC,CC,C,CC,CC,C,C=O
130	C=O,C,CC,C,CC,CC,C,CC,CC,C,CO
130	CO,C,CC,C,CC,CC,C,CC,CC,C,C=O
130	CO,C,CC,C,CC,CC,C,CC,CC,C,CO
130	C=O,C,CC,C,CC,CC,C,CC,C,C=O
130	C=O,C,CC,C,CC,CC,C,CC,C,CO
130	CO,C,CC,C,CC,CC,C,CC,C,C=O
130	CO,C,CC,C,CC,CC,C,CC,C,CO
130	C=O,C,CC,CC,C,CC,CC,C,C=O
130	C=O,C,CC,CC,C,CC,CC,C,CO
130	C=O,C,CC,CC,C,CC,C,C=O
130	C=O,C,CC,CC,C,CC,C,CO
130	C=O,C,CC,C,CC,CC,C,CO
130	CO,C,CC,C,CC,CC,C,CO
130	CO,C,CC,CC,C,CC,C,C=O
130	CO,C,CC,CC,C,CC,C,CO
130	C=O,C,CC,CC,C,CO
130	CO,C,CC,CC,C,CO
130	C=O,C,CC,C,CO
130	CO,C,CC,C,CO
130	C=O,C,CC,C,C=O
130	C=O,C,CO
131	O=P,P,OP,CO,CC,C,CC,C,CC,C,CN,CN,CC,CC,C,C=O
131	O=P,P,OP,CO,CC,C,CC,C,CC,C,CN,CN,CC,CC,C,CO
131	OP,P,OP,CO,CC,C,CC,C,CC,C,CN,CN,CC,CC,C,C=O
131	OP,P,OP,CO,CC,C,CC,C,CC,C,CN,CN,CC,CC,C,CO
131	CC,C,CC,C,CC,C,CN,CN,CC,CC,C,C=O
131	CC,C,CC,C,CC,C,CN,CN,CC,CC,C,CO
131	O=P,P,OP,CO,CC,C,CC,C,CC,C,C=O
131	OP,P,OP,CO,CC,C,CC,C,CC,C,C=O
131	C=O,C,CC,CC,CN,CN,C,CC,C,CO
131	CO,C,CC,CC,CN,CN,C,CC,C,CO
131	O=P,P,OP,CO,CC,C,CC,C,CO
131	OP,P,OP,CO,CC,C,CC,C,CO
131	C=O,C,CN,CN,CC,CC,C,C=O
131	C=O,C,CN,CN,CC,CC,C,CO
131	CC,C,CC,CO,OP,P,O=P
131	CC,C,CC,CO,OP,P,OP
131	CC,C,CC,C,CC,C,C=O
131	CC,C,CC,C,CO
131	C=O,C,CC,C,CO
131	CC,C,CC
131	O=P,P,OP
131	OP,P,OP
131	C=O,C,CO
132	O=P,P,OP,CO,CC,C,CC,C,CC,C,CN,CN,CC,CC,C,CN,CN,C,CC,C,C=O
132	O=P,P,OP,CO,CC,C,CC,C,CC,C,CN,CN,CC,CC,C,CN,CN,C,CC,C,CO
132	OP,P,OP,CO,CC,C,CC,C,CC,C,CN,CN,CC,CC,C,CN,CN,C,CC,C,C=O
132	OP,P,OP,CO,CC,C,CC,C,CC,C,CN,CN,CC,CC,C,CN,CN,C,CC,C,CO
132	O=P,P,OP,CO,CC,C,CC,C,CC,C,CN,CN,CC,CC,C,CN,CN,C,CC,CS
132	OP,P,OP,CO,CC,C,CC,C,CC,C,CN,CN,CC,CC,C,CN,CN,C,CC,CS
132	CC,C,CC,C,CC,C,CN,CN,CC,CC,C,CN,CN,C,CC,C,C=O
132	CC,C,CC,C,CC,C,CN,CN,CC,CC,C,CN,CN,C,CC,C,CO
132	O=P,P,OP,CO,CC,C,CC,C,CC,C,CN,CN,CC,CC,C,C=O
132	OP,P,OP,CO,CC,C,CC,C,CC,C,CN,CN,CC,CC,C,C=O
132	CC,C,CC,C,CC,C,CN,CN,CC,CC,C,CN,CN,C,CC,CS
132	C=O,C,CC,C,CN,CN,C,CC,CC,CN,CN,C,CC,C,CO
132	CO,C,CC,C,CN,CN,C,CC,CC,CN,CN,C,CC,C,CO
132	CS,CC,C,CN,CN,C,CC,CC,CN,CN,C,CC,C,CO
132	C=O,C,CN,CN,CC,CC,C,CN,CN,C,CC,C,C=O
132	C=O,C,CN,CN,CC,CC,C,CN,CN,C,CC,C,CO
132	CC,C,CC,C,CC,C,CN,CN,CC,CC,C,C=O
132	O=P,P,OP,CO,CC,C,CC,C,CC,C,C=O
132	OP,P,OP,CO,CC,C,CC,C,CC,C,C=O
132	C=O,C,CN,CN,CC,CC,C,CN,CN,C,CC,CS
132	C=O,C,CC,CC,CN,CN,C,CC,C,CO
132	O=P,P,OP,CO,CC,C,CC,C,CO
132	OP,P,OP,CO,CC,C,CC,C,CO
132	C=O,C,CN,CN,C,CC,C,C=O
132	C=O,C,CN,CN,C,CC,C,CO
132	C=O,C,CN,CN,CC,CC,C,C=O
132	CC,C,CC,CO,OP,P,O=P
132	CC,C,CC,CO,OP,P,OP
132	CC,C,CC,C,CC,C,C=O
132	C=O,C,CN,CN,C,CC,CS
132	CS,CC,C,CC,C,C=O
132	CS,CC,C,CC,C,CO
132	CC,C,CC,C,CO
132	C=O,C,CC,C,CO
132	CC,C,CC
132	O=P,P,OP
132	OP,P,OP
132	C=O,C,CO
139	CC,C,CC,CC,CC,CC,C,CC,C1CCCC1,C1CCCCC1,C1CCCCC1,C1CCCCC1,CO
139	CC,C,CC,CC,CC,CC,C,CC,C1CCCC1,C1CCCCC1,C1CCCCC1,C1CCCCC1,CC
139	CC,C,CC,CC,CC,CC,C,CC,C1CCCC1,C1CCCCC1,C1CCCCC1,CO
139	CC,C,CC,CC,CC,CC,C,CC,C1CCCC1,C1CCCCC1,CO
139	CC,C,CC,CC,CC,CC,C,CC,C1CCCC1,C1CCCCC1,CC
139	CC,C,CC,C1CCCC1,C1CCCCC1,C1CCCCC1,C1CCCCC1,CO
139	CC,C,CC,C1CCCC1,C1CCCCC1,C1CCCCC1,C1CCCCC1,CC
139	CC,C,CC,C1CCCC1,C1CCCCC1,C1CCCCC1,CO
139	CC,C,CC,CC,CC,CC,C,CC
139	CC,C,CC,C1CCCC1,C1CCCCC1,CO
139	CC,C,CC,C1CCCC1,C1CCCCC1,CC
139	CO,C1CCCCC1,C1CCCCC1,C1CCCCC1,CO
139	CO,C1CCCCC1,C1CCCCC1,C1CCCCC1,CC
139	CC,C1CCCCC1,C1CCCCC1,C1CCCCC1,CO
139	CC,C1CCCCC1,C1CCCCC1,C1CCCCC1,CC
139	CO,C1CCCCC1,C1CCCCC1,CO
139	CO,C1CCCCC1,C1CCCCC1,CC
139	CC,C1CCCCC1,C1CCCCC1,CO
139	CO,C1CCCCC1,CC
139	CC,C,CC
140	CO,C1CCCCC1,C1CCCCC1,C1CCCCC1,C1CCCC1,CC,C,CC,CC,CC,CC,C,CC,CO
140	CC,C1CCCCC1,C1CCCCC1,C1CCCCC1,C1CCCC1,CC,C,CC,CC,CC,CC,C,CC,CO
140	CC,C,CC,CC,CC,CC,C,CC,C1CCCC1,C1CCCCC1,C1CCCCC1,C1CCCCC1,CO
140	CC,C,CC,CC,CC,CC,C,CC,C1CCCC1,C1CCCCC1,C1CCCCC1,C1CCCCC1,CC
140	CO,C1CCCCC1,C1CCCCC1,C1CCCC1,CC,C,CC,CC,CC,CC,C,CC,CO
140	CC,C,CC,CC,CC,CC,C,CC,C1CCCC1,C1CCCCC1,C1CCCCC1,CO
140	CO,C1CCCCC1,C1CCCC1,CC,C,CC,CC,CC,CC,C,CC,CO
140	CC,C1CCCCC1,C1CCCC1,CC,C,CC,CC,CC,CC,C,CC,CO
140	CC,C,CC,CC,CC,CC,C,CC,C1CCCC1,C1CCCCC1,CO
140	CC,C,CC,CC,CC,CC,C,CC,C1CCCC1,C1CCCCC1,CC
140	CC,C,CC,C1CCCC1,C1CCCCC1,C1CCCCC1,C1CCCCC1,CO
140	CC,C,CC,C1CCCC1,C1CCCCC1,C1CCCCC1,C1CCCCC1,CC
140	CC,C,CC,CC,CC,CC,C,CC,CO
140	CC,C,CC,C1CCCC1,C1CCCCC1,C1CCCCC1,CO
140	CC,C,CC,CC,CC,CC,C,CC
140	CC,C,CC,C1CCCC1,C1CCCCC1,CO
140	CC,C,CC,C1CCCC1,C1CCCCC1,CC
140	CO,C1CCCCC1,C1CCCCC1,C1CCCCC1,CO
140	CO,C1CCCCC1,C1CCCCC1,C1CCCCC1,CC
140	CC,C1CCCCC1,C1CCCCC1,C1CCCCC1,CO
140	CC,C1CCCCC1,C1CCCCC1,C1CCCCC1,CC
140	CO,C1CCCCC1,C1CCCCC1,CO
140	CO,C1CCCCC1,C1CCCCC1,CC
140	CC,C1CCCCC1,C1CCCCC1,CO
140	CC,C,CC,CO
140	CO,C1CCCCC1,CC
141	C=O,C1=CNCNC1,CN,C1CCOC1,CC,CO,OP,P,OP,OP,P,OP,CO,C1CCOCC1,CO
141	C=O,C1=CNCNC1,CN,C1CCOC1,CC,CO,OP,P,OP,OP,P,OP,CO,C1CCOCC1,C=O
141	CO,C1CCOC1,CC,CO,OP,P,OP,OP,P,OP,CO,C1CCOCC1,CO
141	CO,C1CCOC1,CC,CO,OP,P,OP,OP,P,OP,CO,C1CCOCC1,C=O
141	O=P,P,OP,OP,P,OP,CO,CC,C1CCOC1,CN,C1=CNCNC1,C=O
141	OP,P,OP,OP,P,OP,CO,CC,C1CCOC1,CN,C1=CNCNC1,C=O
141	O=P,P,OP,OP,P,OP,CO,CC,C1CCOC1,CO
141	OP,P,OP,OP,P,OP,CO,CC,C1CCOC1,CO
141	O=P,P,OP,OP,P,OP,CO,C1CCOCC1,CO
141	O=P,P,OP,OP,P,OP,CO,C1CCOCC1,C=O
141	OP,P,OP,OP,P,OP,CO,C1CCOCC1,CO
141	OP,P,OP,OP,P,OP,CO,C1CCOCC1,C=O
141	O=P,P,OP,CO,CC,C1CCOC1,CN,C1=CNCNC1,C=O
141	OP,P,OP,CO,CC,C1CCOC1,CN,C1=CNCNC1,C=O
141	O=P,P,OP,CO,CC,C1CCOC1,CO
141	OP,P,OP,CO,CC,C1CCOC1,CO
141	O=P,P,OP,CO,C1CCOCC1,CO
141	O=P,P,OP,CO,C1CCOCC1,C=O
141	OP,P,OP,CO,C1CCOCC1,CO
141	OP,P,OP,CO,C1CCOCC1,C=O
141	O=P,P,OP,OP,P,O=P
141	O=P,P,OP,OP,P,OP
141	OP,P,OP,OP,P,O=P
141	OP,P,OP,OP,P,OP
141	C=O,C1=CNCNC1,CN,C1CCOC1,CO
141	CO,C1CCOCC1,CO
141	CO,C1CCOCC1,C=O
141	CO,C1CCOC1,CO
141	O=P,P,OP
141	C=O,C1=CNCNC1,C=O
142	CC,C1CCOC1,CN,C1=NCCN1,C1=CN=CN=C1,CN
142	CN,C1=CN=CN=C1,C1=NCCN1,CN,C1CCOC1,CO
142	CC,C1CCOC1,CO
142	CO,C1CCOC1,CO
6006	CN,C1=CNC=NC1,C1=CNCCN1,CC,CN,CN,C1=CC=CC=C1,CC,C,CN,CN,C,CC,CC,CC,C,C=O
6006	CN,C1=CNC=NC1,C1=CNCCN1,CC,CN,CN,C1=CC=CC=C1,CC,C,CN,CN,C,CC,CC,CC,C,CO
6006	C=O,C,CC,CC,CC,C,CN,CN,C,CC,C1=CC=CC=C1,CN,CN,CC,C1=CNCCN1,C1=CNC=NC1,C=O
6006	CO,C,CC,CC,CC,C,CN,CN,C,CC,C1=CC=CC=C1,CN,CN,CC,C1=CNCCN1,C1=CNC=NC1,C=O
6006	C=O,CN,C1=CNCCN1,CC,CN,CN,C1=CC=CC=C1,CC,C,CN,CN,C,CC,CC,CC,C,C=O
6006	C=O,CN,C1=CNCCN1,CC,CN,CN,C1=CC=CC=C1,CC,C,CN,CN,C,CC,CC,CC,C,CO
6006	CN,C1=CNC=NC1,C1=CNCCN1,CC,CN,CN,C1=CC=CC=C1,CC,C,CN,CN,C,CC,C,C=O
6006	CN,C1=CNC=NC1,C1=CNCCN1,CC,CN,CN,C1=CC=CC=C1,CC,C,CN,CN,C,CC,C,CO
6006	C=O,C,CC,C,CN,CN,C,CC,C1=CC=CC=C1,CN,CN,CC,C1=CNCCN1,C1=CNC=NC1,C=O
6006	CO,C,CC,C,CN,CN,C,CC,C1=CC=CC=C1,CN,CN,CC,C1=CNCCN1,C1=CNC=NC1,C=O
6006	C=O,CN,C1=CNCCN1,CC,CN,CN,C1=CC=CC=C1,CC,C,CN,CN,C,CC,C,C=O
6006	C=O,CN,C1=CNCCN1,CC,CN,CN,C1=CC=CC=C1,CC,C,CN,CN,C,CC,C,CO
6006	CN,C1=CNC=NC1,C1=CNCCN1,CC,CN,CN,C1=CC=CC=C1,CC,C,C=O
6006	C=O,C,CC,C1=CC=CC=C1,CN,CN,CC,C1=CNCCN1,C1=CNC=NC1,C=O
6006	C=O,C,CN,CN,C,CC,CC,CC,C,C=O
6006	C=O,C,CN,CN,C,CC,CC,CC,C,CO
6006	C=O,CN,C1=CNCCN1,CC,CN,CN,C1=CC=CC=C1,CC,C,C=O
6006	C=O,C,CC,CC,CC,C,CC,C,C=O
6006	C=O,C,CC,CC,CC,C,CC,C,CO
6006	CO,C,CC,CC,CC,C,CC,C,C=O
6006	CO,C,CC,CC,CC,C,CC,C,CO
6006	C=O,C,CN,CN,C,CC,C,C=O
6006	C=O,C,CN,CN,C,CC,C,CO
6006	CN,C1=CNC=NC1,C1=CNCCN1,CN,C=O
6006	C=O,CN,C1=CNCCN1,C1=CNC=NC1,C=O
6006	CN,C1=CNC=NC1,C=O
6006	C=O,C,CO
144	C=O,C,CC,C,CC,CC,C1=C[NH]C=C1,C1=CC=CC=C1,CO
144	CO,C,CC,C,CC,CC,C1=C[NH]C=C1,C1=CC=CC=C1,CO
144	CN,C,CC,CC,C1=C[NH]C=C1,C1=CC=CC=C1,CO
144	C=O,C,CC,C,CN
144	CO,C,CC,C,CN
144	C=O,C,CO
146	C=O,C1=CNC=NC1,C1=CNCCN1,CC,CN,CN,C1=CC=CC=C1,CC,C,CN,CN,C,CC,CC,CC,C,C=O
146	C=O,C1=CNC=NC1,C1=CNCCN1,CC,CN,CN,C1=CC=CC=C1,CC,C,CN,CN,C,CC,CC,CC,C,CO
146	CN,C1=CNC=NC1,C1=CNCCN1,CC,CN,CN,C1=CC=CC=C1,CC,C,CN,CN,C,CC,CC,CC,C,C=O
146	CN,C1=CNC=NC1,C1=CNCCN1,CC,CN,CN,C1=CC=CC=C1,CC,C,CN,CN,C,CC,CC,CC,C,CO
146	CN,C1=CNCCN1,CC,CN,CN,C1=CC=CC=C1,CC,C,CN,CN,C,CC,CC,CC,C,C=O
146	CN,C1=CNCCN1,CC,CN,CN,C1=CC=CC=C1,CC,C,CN,CN,C,CC,CC,CC,C,CO
146	C=O,C1=CNC=NC1,C1=CNCCN1,CC,CN,CN,C1=CC=CC=C1,CC,C,CN,CN,C,CC,C,C=O
146	C=O,C1=CNC=NC1,C1=CNCCN1,CC,CN,CN,C1=CC=CC=C1,CC,C,CN,CN,C,CC,C,CO
146	CN,C1=CNC=NC1,C1=CNCCN1,CC,CN,CN,C1=CC=CC=C1,CC,C,CN,CN,C,CC,C,C=O
146	CN,C1=CNC=NC1,C1=CNCCN1,CC,CN,CN,C1=CC=CC=C1,CC,C,CN,CN,C,CC,C,CO
146	CN,C1=CNCCN1,CC,CN,CN,C1=CC=CC=C1,CC,C,CN,CN,C,CC,C,C=O
146	CN,C1=CNCCN1,CC,CN,CN,C1=CC=CC=C1,CC,C,CN,CN,C,CC,C,CO
146	C=O,C1=CNC=NC1,C1=CNCCN1,CC,CN,CN,C1=CC=CC=C1,CC,C,C=O
146	CN,C1=CNC=NC1,C1=CNCCN1,CC,CN,CN,C1=CC=CC=C1,CC,C,C=O
146	C=O,C,CN,CN,C,CC,CC,CC,C,C=O
146	C=O,C,CN,CN,C,CC,CC,CC,C,CO
146	C=O,C,CC,CC,CC,C,CC,C,C=O
146	C=O,C,CC,CC,CC,C,CC,C,CO
146	CO,C,CC,CC,CC,C,CC,C,C=O
146	CO,C,CC,CC,CC,C,CC,C,CO
146	CN,C1=CNCCN1,CC,CN,CN,C1=CC=CC=C1,CC,C,C=O
146	C=O,C,CN,CN,C,CC,C,C=O
146	C=O,C,CN,CN,C,CC,C,CO
146	CN,C1=CNCCN1,C1=CNC=NC1,C=O
146	CN,C1=CNCCN1,C1=CNC=NC1,CN
146	C=O,C1=CNC=NC1,CN
146	C=O,C,CO
148	CN,CN,CC,C1=CNC=NC1,CN,C1CCOC1,CC,CO
148	CN,CN,CC,C1=CNC=NC1,CN,C1CCOC1,CO
148	C=O,C1=CNC=NC1,CN,C1CCOC1,CC,CO
148	CS,C1=CNC=NC1,CN,C1CCOC1,CC,CO
148	C=O,C1=CNC=NC1,CN,C1CCOC1,CO
148	CS,C1=CNC=NC1,CN,C1CCOC1,CO
148	CN,CN,CC,C1=CNC=NC1,C=O
148	CN,CN,CC,C1=CNC=NC1,CS
148	CO,CC,C1CCOC1,CO
148	C=O,C1=CNC=NC1,CS
148	CO,C1CCOC1,CO
149	CS,CS,CC,C1CCOC1,CN,C1=NCCN1,C1=CN=CN=C1,CN
149	CN,C1=CN=CN=C1,C1=NCCN1,CN,C1CCOC1,CO
149	CS,CS,CC,C1CCOC1,CO
149	CO,C1CCOC1,CO
150	CN,C1CCOC1,CC,CO,OP,P,O=P
150	CN,C1CCOC1,CC,CO,OP,P,OP
150	CO,C1CCOC1,CC,CO,OP,P,O=P
150	CO,C1CCOC1,CC,CO,OP,P,OP
150	CN,C1CCOC1,CO
150	CO,C1CCOC1,CO
150	O=P,P,OP
150	OP,P,OP
151	C=O,CN,CN,CC,C,CN,CN,C1CCOC1,CC,CO,OP,P,O=P
151	C=O,CN,CN,CC,C,CN,CN,C1CCOC1,CC,CO,OP,P,OP
151	C=O,C,CN,CN,C1CCOC1,CC,CO,OP,P,O=P
151	C=O,C,CN,CN,C1CCOC1,CC,CO,OP,P,OP
151	C=O,CN,CN,CC,C,CN,CN,C1CCOC1,CO
151	CO,C1CCOC1,CC,CO,OP,P,O=P
151	CO,C1CCOC1,CC,CO,OP,P,OP
151	C=O,C,CN,CN,C1CCOC1,CO
151	C=O,C,CC,CN,CN,C=O
151	CO,C1CCOC1,CO
151	O=P,P,OP
151	OP,P,OP
152	CN,CC,C,CN,CN,C1CCOC1,CC,CO,OP,P,O=P
152	CN,CC,C,CN,CN,C1CCOC1,CC,CO,OP,P,OP
152	C=O,C,CN,CN,C1CCOC1,CC,CO,OP,P,O=P
152	C=O,C,CN,CN,C1CCOC1,CC,CO,OP,P,OP
152	CO,C1CCOC1,CC,CO,OP,P,O=P
152	CO,C1CCOC1,CC,CO,OP,P,OP
152	CN,CC,C,CN,CN,C1CCOC1,CO
152	C=O,C,CN,CN,C1CCOC1,CO
152	C=O,C,CC,CN
152	CO,C1CCOC1,CO
152	O=P,P,OP
152	OP,P,OP
153	O=P,P,OP,CO,CC,C1CCOC1,CN,C1=C[NH]C=N1,CN
153	OP,P,OP,CO,CC,C1CCOC1,CN,C1=C[NH]C=N1,CN
153	O=P,P,OP,CO,CC,C1CCOC1,CO
153	OP,P,OP,CO,CC,C1CCOC1,CO
153	CO,C1CCOC1,CN,C1=C[NH]C=N1,CN
153	CO,C1CCOC1,CO
153	O=P,P,OP
153	OP,P,OP
154	C=O,CN,CN,CC,C,C=N,CN,C1CCOC1,CC,CO,OP,P,O=P
154	C=O,CN,CN,CC,C,C=N,CN,C1CCOC1,CC,CO,OP,P,OP
154	CN,C,C=N,CN,C1CCOC1,CC,CO,OP,P,O=P
154	CN,C,C=N,CN,C1CCOC1,CC,CO,OP,P,OP
154	C=O,CN,CN,CC,C,C=N,CN,C1CCOC1,CO
154	CO,C1CCOC1,CC,CO,OP,P,O=P
154	CO,C1CCOC1,CC,CO,OP,P,OP
154	CN,C,C=N,CN,C1CCOC1,CO
154	C=O,CN,CN,CC,C,CN
154	CO,C1CCOC1,CO
154	O=P,P,OP
154	OP,P,OP
9691	CC,CC,CC,CC,CC,C,CC,C=C,CC,C1CCCC1,CC,CC,C=C,CC,CC,CC,CC,C,C=O
9691	CC,CC,CC,CC,CC,C,CC,C=C,CC,C1CCCC1,CC,CC,C=C,CC,CC,CC,CC,C,CO
9691	C=O,C,CC,CC,CC,CC,C=C,CC,CC,C1CCCC1,CC,C=C,CC,C,CO
9691	CO,C,CC,CC,CC,CC,C=C,CC,CC,C1CCCC1,CC,C=C,CC,C,CO
9691	CC,CC,CC,CC,CC,C,CC,C=C,CC,C1CCCC1,C=O
9691	CC,CC,CC,CC,CC,C,CC,C=C,CC,C1CCCC1,CO
9691	C=O,C1CCCC1,CC,CC,C=C,CC,CC,CC,CC,C,C=O
9691	C=O,C1CCCC1,CC,CC,C=C,CC,CC,CC,CC,C,CO
9691	C=O,C,CC,CC,CC,CC,C=C,CC,CC,C1CCCC1,CO
9691	CO,C,CC,CC,CC,CC,C=C,CC,CC,C1CCCC1,CO
9691	C=O,C1CCCC1,CC,C=C,CC,C,CO
9691	CO,C1CCCC1,CC,C=C,CC,C,CO
9691	CC,CC,CC,CC,CC,C,CO
9691	C=O,C1CCCC1,CO
9691	C=O,C,CO
159	CC,CC,CC,CC,CC,C,CC,C=C,CC,C1CCCC1,C1CCOC1,C=C,CC,CC,CC,CC,C,C=O
159	CC,CC,CC,CC,CC,C,CC,C=C,CC,C1CCCC1,C1CCOC1,C=C,CC,CC,CC,CC,C,CO
159	C=O,C,CC,CC,CC,CC,C=C,C1CCOC1,C1CCCC1,CC,C=C,CC,C,CO
159	CO,C,CC,CC,CC,CC,C=C,C1CCOC1,C1CCCC1,CC,C=C,CC,C,CO
159	CC,CC,CC,CC,CC,C,CC,C=C,CC,C1CCCC1,CO
159	C=O,C,CC,CC,CC,CC,C=C,C1CCOC1,C1CCCC1,CO
159	CO,C,CC,CC,CC,CC,C=C,C1CCOC1,C1CCCC1,CO
159	CO,C1CCCC1,CC,C=C,CC,C,CO
159	CC,CC,CC,CC,CC,C,CO
159	C=O,C,CO
160	CC,CC,CC,CC,CC,C,CC,C=C,CC,C1CCCC1,CC,CC,C=C,CC,CC,CC,CC,C,C=O
160	CC,CC,CC,CC,CC,C,CC,C=C,CC,C1CCCC1,CC,CC,C=C,CC,CC,CC,CC,C,CO
160	C=O,C,CC,CC,CC,CC,C=C,CC,CC,C1CCCC1,CC,C=C,CC,C,CO
160	CO,C,CC,CC,CC,CC,C=C,CC,CC,C1CCCC1,CC,C=C,CC,C,CO
160	CC,CC,CC,CC,CC,C,CC,C=C,CC,C1CCCC1,CO
160	C=O,C,CC,CC,CC,CC,C=C,CC,CC,C1CCCC1,CO
160	CO,C,CC,CC,CC,CC,C=C,CC,CC,C1CCCC1,CO
160	CO,C1CCCC1,CC,C=C,CC,C,CO
160	CC,CC,CC,CC,CC,C,CO
160	CO,C1CCCC1,CO
160	C=O,C,CO
161	CN,C1=NCCCN1,C1=NCCNC1,CC,C,CC,C,CC,CO,OP,P,OP,OP,P,OP,OP,P,O=P
161	CN,C1=NCCCN1,C1=NCCNC1,CC,C,CC,C,CC,CO,OP,P,OP,OP,P,OP,OP,P,OP
161	O=P,P,OP,OP,P,OP,OP,P,OP,CO,CC,C,CC,C,CC,C1=NCCNC1,C1=NCCCN1,C=O
161	OP,P,OP,OP,P,OP,OP,P,OP,CO,CC,C,CC,C,CC,C1=NCCNC1,C1=NCCCN1,C=O
161	O=P,P,OP,OP,P,OP,OP,P,OP,CO,CC,C,CC,C,CO
161	OP,P,OP,OP,P,OP,OP,P,OP,CO,CC,C,CC,C,CO
161	CN,C1=NCCCN1,C1=NCCNC1,CC,C,CC,C,CC,CO,OP,P,OP,OP,P,O=P
161	CN,C1=NCCCN1,C1=NCCNC1,CC,C,CC,C,CC,CO,OP,P,OP,OP,P,OP
161	O=P,P,OP,OP,P,OP,CO,CC,C,CC,C,CC,C1=NCCNC1,C1=NCCCN1,C=O
161	OP,P,OP,OP,P,OP,CO,CC,C,CC,C,CC,C1=NCCNC1,C1=NCCCN1,C=O
161	O=P,P,OP,OP,P,OP,OP,P,OP,CO,CC,C,CO
161	OP,P,OP,OP,P,OP,OP,P,OP,CO,CC,C,CO
161	O=P,P,OP,OP,P,OP,CO,CC,C,CC,C,CO
161	OP,P,OP,OP,P,OP,CO,CC,C,CC,C,CO
161	CN,C1=NCCCN1,C1=NCCNC1,CC,C,CC,C,CC,CO,OP,P,O=P
161	CN,C1=NCCCN1,C1=NCCNC1,CC,C,CC,C,CC,CO,OP,P,OP
161	O=P,P,OP,CO,CC,C,CC,C,CC,C1=NCCNC1,C1=NCCCN1,C=O
161	OP,P,OP,CO,CC,C,CC,C,CC,C1=NCCNC1,C1=NCCCN1,C=O
161	O=P,P,OP,OP,P,OP,CO,CC,C,CO
161	OP,P,OP,OP,P,OP,CO,CC,C,CO
161	O=P,P,OP,OP,P,OP,OP,P,O=P
161	O=P,P,OP,OP,P,OP,OP,P,OP
161	OP,P,OP,OP,P,OP,OP,P,O=P
161	OP,P,OP,OP,P,OP,OP,P,OP
161	O=P,P,OP,CO,CC,C,CC,C,CO
161	OP,P,OP,CO,CC,C,CC,C,CO
161	CN,C1=NCCCN1,C1=NCCNC1,CC,C,CC,C,CO
161	CO,C,CC,C,CC,C1=NCCNC1,C1=NCCCN1,C=O
161	O=P,P,OP,CO,CC,C,CO
161	OP,P,OP,CO,CC,C,CO
161	O=P,P,OP,OP,P,O=P
161	O=P,P,OP,OP,P,OP
161	OP,P,OP,OP,P,O=P
161	OP,P,OP,OP,P,OP
161	CN,C1=NCCCN1,C1=NCCNC1,CC,C,CO
161	CO,C,CC,C1=NCCNC1,C1=NCCCN1,C=O
161	CO,C,CC,C,CO
161	O=P,P,OP
161	OP,P,OP
161	CN,C1=NCCCN1,C=O
162	C=O,C1CNC1,C1CSCN1,CC,C,C=O
162	C=O,C1CNC1,C1CSCN1,CC,C,CO
162	CN,C1CNC1,C1CSCN1,CC,C,C=O
162	CN,C1CNC1,C1CSCN1,CC,C,CO
162	CC,C,C1CSCN1,CC,C,C=O
162	CC,C,C1CSCN1,CC,C,CO
162	C=O,C,CC,C1CSCN1,C,CC
162	CO,C,CC,C1CSCN1,C,CC
162	CC,C,C1CSCN1,C1CNC1,C=O
162	CC,C,C1CSCN1,C1CNC1,CN
162	C=O,C1CNC1,C1CSCN1,C,CC
162	CN,C1CNC1,C1CSCN1,C,CC
162	C=O,C1CNC1,CN
162	CC,C,CC
162	C=O,C,CO
166	CC,C,CC,C,CC,C1CNCCN1,C1=NCCCN1,C=O
166	CC,C,CC,C,CC,C1CNCCN1,C1=NCCCN1,CN
166	C=O,C,CC,C,CC,C1CNCCN1,C1=NCCCN1,C=O
166	C=O,C,CC,C,CC,C1CNCCN1,C1=NCCCN1,CN
166	C=O,C,CC,C1CNCCN1,C1=NCCCN1,C=O
166	C=O,C,CC,C1CNCCN1,C1=NCCCN1,CN
166	CC,C,CC,C,C=O
166	C=O,C,CC,C,C=O
166	C=O,C1=NCCCN1,CN
166	CC,C,C=O
168	CO,CC,C1CCOCC1,CO,CO,C1CCOCC1,CC,CO,OP,P,O=P
168	CO,CC,C1CCOCC1,CO,CO,C1CCOCC1,CC,CO,OP,P,OP
168	CO,C1CCOCC1,CO,CO,C1CCOCC1,CC,CO,OP,P,O=P
168	CO,C1CCOCC1,CO,CO,C1CCOCC1,CC,CO,OP,P,OP
168	CO,CC,C1CCOCC1,CO,CO,C1CCOCC1,CO
168	O=P,P,OP,CO,CC,C1CCOCC1,CO
168	OP,P,OP,CO,CC,C1CCOCC1,CO
168	CO,C1CCOCC1,CO,CO,C1CCOCC1,CO
168	CO,CC,C1CCOCC1,CO
168	CO,C1CCOCC1,CO
168	O=P,P,OP
168	OP,P,OP
169	CC,CC,CC,CC,CC,C=C,CC,CC,C,CC,C=C,CC,C=C,CC,C=C,CC,C,CC,CC,CC,CC,C,C=O
169	CC,CC,CC,CC,CC,C=C,CC,CC,C,CC,C=C,CC,C=C,CC,C=C,CC,C,CC,CC,CC,CC,C,CO
169	CC,CC,CC,CC,CC,C=C,CC,CC,C,CC,C=C,CC,C=C,CC,C=C,CC,C,CO
169	C=O,C,CC,CC,CC,CC,C,CC,C=C,CC,C=C,CC,C=C,CC,C,CO
169	CO,C,CC,CC,CC,CC,C,CC,C=C,CC,C=C,CC,C=C,CC,C,CO
169	CO,C,CC,C=C,CC,C=C,CC,C=C,CC,C,CO
169	CC,CC,CC,CC,CC,C=C,CC,CC,C,CO
169	C=O,C,CC,CC,CC,CC,C,CO
169	CO,C,CC,CC,CC,CC,C,CO
169	C=O,C,CO
170	CN,C1=CNC=NC1,C1=CNCC=N1,CC,CN,CN,C1=CC=CC=C1,CC,C,C=O
170	CN,C1=CNC=NC1,C1=CNCC=N1,CC,CN,CN,C1=CC=CC=C1,CC,C,CO
170	C=O,C,CC,C1=CC=CC=C1,CN,CN,CC,C1=CNCC=N1,C1=CNC=NC1,C=O
170	CO,C,CC,C1=CC=CC=C1,CN,CN,CC,C1=CNCC=N1,C1=CNC=NC1,C=O
170	CN,C1=CNC=NC1,C=O
170	C=O,C,CO
172	CC,C,CC,CC,CC,CC,C,CC,C1CCCC1,C1CCCCC1,C1=CCCC=C1,C1CCCCC1,CO
172	CC,C,CC,CC,CC,CC,C,CC,C1CCCC1,C1CCCCC1,C1=CCCC=C1,C1CCCCC1,CC
172	CC,C,CC,CC,CC,CC,C,CC,C1CCCC1,C1CCCCC1,CC
172	CC,C,CC,C1CCCC1,C1CCCCC1,C1=CCCC=C1,C1CCCCC1,CO
172	CC,C,CC,C1CCCC1,C1CCCCC1,C1=CCCC=C1,C1CCCCC1,CC
172	CC,C,CC,CC,CC,CC,C,CC
172	CC,C,CC,C1CCCC1,C1CCCCC1,CC
172	CO,C1CCCCC1,C1=CCCC=C1,C1CCCCC1,CC
172	CC,C1CCCCC1,C1=CCCC=C1,C1CCCCC1,CC
172	CO,C1CCCCC1,CC
172	CC,C,CC
184	CC,C,CN,CN,C1CCOCC1,CN,CN,C,CC,CC,C,CC,C,C=O
184	CC,C,CN,CN,C1CCOCC1,CN,CN,C,CC,CC,C,CC,C,CO
184	C=O,C,CN,CN,C1CCOCC1,CN,CN,C,CC,CC,C,CC,C,C=O
184	C=O,C,CN,CN,C1CCOCC1,CN,CN,C,CC,CC,C,CC,C,CO
184	CC,C,CN,CN,C1CCOCC1,CN,CN,C,CC,CC,C,CN
184	C=O,C,CN,CN,C1CCOCC1,CN,CN,C,CC,CC,C,CN
184	C=O,C,CC,C,CC,CC,C,CN,CN,C1CCOCC1,CC,CO
184	CO,C,CC,C,CC,CC,C,CN,CN,C1CCOCC1,CC,CO
184	C=O,C,CC,C,CC,CC,C,CN,CN,C1CCOCC1,CO
184	CO,C,CC,C,CC,CC,C,CN,CN,C1CCOCC1,CO
184	CN,C,CC,CC,C,CN,CN,C1CCOCC1,CC,CO
184	CC,C,CN,CN,C1CCOCC1,CN,CN,C,C=O
184	C=O,C,CN,CN,C1CCOCC1,CN,CN,C,C=O
184	CN,C,CC,CC,C,CN,CN,C1CCOCC1,CO
184	C=O,C,CC,CC,C,CC,C,C=O
184	C=O,C,CC,CC,C,CC,C,CO
184	CC,C,CN,CN,C1CCOCC1,CC,CO
184	C=O,C,CN,CN,C1CCOCC1,CC,CO
184	CC,C,CN,CN,C1CCOCC1,CO
184	C=O,C,CN,CN,C1CCOCC1,CO
184	C=O,C,CC,CC,C,CN
184	C=O,C,CC,C,CN
184	CO,C,CC,C,CN
184	CO,CC,C1CCOCC1,CO
184	CO,C1CCOCC1,CO
184	CC,C,C=O
184	C=O,C,CO
188	CC,C,CO,CO,C1CCOCC1,CO,CO,C1CCOCC1,CC,CO
188	C=O,C,CO,CO,C1CCOCC1,CO,CO,C1CCOCC1,CC,CO
188	CC,C,CO,CO,C1CCOCC1,CO,CO,C1CCOCC1,CO
188	C=O,C,CO,CO,C1CCOCC1,CO,CO,C1CCOCC1,CO
188	CO,CC,C1CCOCC1,CO,CO,C1CCOCC1,CC,CO
188	CO,CC,C1CCOCC1,CO,CO,C1CCOCC1,CO
188	CO,C1CCOCC1,CO,CO,C1CCOCC1,CO
188	CC,C,CO,CO,C1CCOCC1,CC,CO
188	C=O,C,CO,CO,C1CCOCC1,CC,CO
188	CC,C,CO,CO,C1CCOCC1,CO
188	C=O,C,CO,CO,C1CCOCC1,CO
188	CO,CC,C1CCOCC1,CO
188	CO,C1CCOCC1,CO
188	CC,C,C=O
191	CO,CC,C1CCOC1,CN,C1=NCCN1,C1=CN=CN=C1,CN
191	CO,C1CCOC1,CN,C1=NCCN1,C1=CN=CN=C1,CN
191	CO,CC,C1CCOC1,CO
191	CO,C1CCOC1,CO
192	CO,C1CCOC1,CC,CO,OP,P,OP,OP,P,OP,CO,CC,C1CCOC1,CN,C1=NCCN1,C1=CN=CN=C1,CN
192	CO,C1CCOC1,CC,CO,OP,P,OP,OP,P,OP,CO,CC,C1CCOC1,CO
192	O=P,P,OP,OP,P,OP,CO,CC,C1CCOC1,CN,C1=NCCN1,C1=CN=CN=C1,CN
192	OP,P,OP,OP,P,OP,CO,CC,C1CCOC1,CN,C1=NCCN1,C1=CN=CN=C1,CN
192	O=P,P,OP,OP,P,OP,CO,CC,C1CCOC1,CO
192	OP,P,OP,OP,P,OP,CO,CC,C1CCOC1,CO
192	O=P,P,OP,CO,CC,C1CCOC1,CN,C1=NCCN1,C1=CN=CN=C1,CN
192	OP,P,OP,CO,CC,C1CCOC1,CN,C1=NCCN1,C1=CN=CN=C1,CN
192	O=P,P,OP,CO,CC,C1CCOC1,CO
192	OP,P,OP,CO,CC,C1CCOC1,CO
192	O=P,P,OP,OP,P,O=P
192	O=P,P,OP,OP,P,OP
192	OP,P,OP,OP,P,O=P
192	OP,P,OP,OP,P,OP
192	CO,C1CCOC1,CN,C1=NCCN1,C1=CN=CN=C1,CN
192	CO,C1CCOC1,CO
192	O=P,P,OP
193	C=O,C,CC,C,CC,CC,CS,CS,CC,C1CCOC1,CN,C1=NCCN1,C1=CN=CN=C1,CN
193	CO,C,CC,C,CC,CC,CS,CS,CC,C1CCOC1,CN,C1=NCCN1,C1=CN=CN=C1,CN
193	CN,C,CC,CC,CS,CS,CC,C1CCOC1,CN,C1=NCCN1,C1=CN=CN=C1,CN
193	C=O,C,CC,C,CC,CC,CS,CS,CC,C1CCOC1,CO
193	CO,C,CC,C,CC,CC,CS,CS,CC,C1CCOC1,CO
193	CN,C,CC,CC,CS,CS,CC,C1CCOC1,CO
193	CO,C1CCOC1,CN,C1=NCCN1,C1=CN=CN=C1,CN
193	C=O,C,CC,C,CN
193	CO,C,CC,C,CN
193	CO,C1CCOC1,CO
193	C=O,C,CO
195	O=P,P,OP,CO,CC,C1CCOC1,CN,C1=NCCN1,C1=CN=CN=C1,CN,CN,C,CC,CC,C,C=O
195	O=P,P,OP,CO,CC,C1CCOC1,CN,C1=NCCN1,C1=CN=CN=C1,CN,CN,C,CC,CC,C,CO
195	OP,P,OP,CO,CC,C1CCOC1,CN,C1=NCCN1,C1=CN=CN=C1,CN,CN,C,CC,CC,C,C=O
195	OP,P,OP,CO,CC,C1CCOC1,CN,C1=NCCN1,C1=CN=CN=C1,CN,CN,C,CC,CC,C,CO
195	O=P,P,OP,CO,CC,C1CCOC1,CN,C1=NCCN1,C1=CN=CN=C1,CN,CN,C,CC,C,C=O
195	O=P,P,OP,CO,CC,C1CCOC1,CN,C1=NCCN1,C1=CN=CN=C1,CN,CN,C,CC,C,CO
195	OP,P,OP,CO,CC,C1CCOC1,CN,C1=NCCN1,C1=CN=CN=C1,CN,CN,C,CC,C,C=O
195	OP,P,OP,CO,CC,C1CCOC1,CN,C1=NCCN1,C1=CN=CN=C1,CN,CN,C,CC,C,CO
195	CO,C1CCOC1,CN,C1=NCCN1,C1=CN=CN=C1,CN,CN,C,CC,CC,C,C=O
195	CO,C1CCOC1,CN,C1=NCCN1,C1=CN=CN=C1,CN,CN,C,CC,CC,C,CO
195	CO,C1CCOC1,CN,C1=NCCN1,C1=CN=CN=C1,CN,CN,C,CC,C,C=O
195	CO,C1CCOC1,CN,C1=NCCN1,C1=CN=CN=C1,CN,CN,C,CC,C,CO
195	C=O,C,CC,CC,C,CC,C,C=O
195	C=O,C,CC,CC,C,CC,C,CO
195	CO,C,CC,CC,C,CC,C,C=O
195	CO,C,CC,CC,C,CC,C,CO
195	O=P,P,OP,CO,CC,C1CCOC1,CO
195	OP,P,OP,CO,CC,C1CCOC1,CO
195	CO,C1CCOC1,CO
195	O=P,P,OP
195	OP,P,OP
195	C=O,C,CO
6022	O=P,P,OP,OP,P,OP,CO,CC,C1CCOC1,CN,C1=NCCN1,C1=CN=CN=C1,CN
6022	OP,P,OP,OP,P,OP,CO,CC,C1CCOC1,CN,C1=NCCN1,C1=CN=CN=C1,CN
6022	O=P,P,OP,OP,P,OP,CO,CC,C1CCOC1,CO
6022	OP,P,OP,OP,P,OP,CO,CC,C1CCOC1,CO
6022	O=P,P,OP,CO,CC,C1CCOC1,CN,C1=NCCN1,C1=CN=CN=C1,CN
6022	OP,P,OP,CO,CC,C1CCOC1,CN,C1=NCCN1,C1=CN=CN=C1,CN
6022	O=P,P,OP,CO,CC,C1CCOC1,CO
6022	OP,P,OP,CO,CC,C1CCOC1,CO
6022	O=P,P,OP,OP,P,O=P
6022	O=P,P,OP,OP,P,OP
6022	OP,P,OP,OP,P,O=P
6022	OP,P,OP,OP,P,OP
6022	CO,C1CCOC1,CN,C1=NCCN1,C1=CN=CN=C1,CN
6022	CO,C1CCOC1,CO
6022	O=P,P,OP
6022	OP,P,OP
198	CO,CC,C1CCOCC1,CO,OP,P,OP,OP,P,OP,CO,CC,C1CCOC1,CN,C1=NCCN1,C1=CN=CN=C1,CN
198	CO,C1CCOCC1,CO,OP,P,OP,OP,P,OP,CO,CC,C1CCOC1,CN,C1=NCCN1,C1=CN=CN=C1,CN
198	CO,CC,C1CCOCC1,CO,OP,P,OP,OP,P,OP,CO,CC,C1CCOC1,CO
198	CO,C1CCOCC1,CO,OP,P,OP,OP,P,OP,CO,CC,C1CCOC1,CO
198	O=P,P,OP,OP,P,OP,CO,CC,C1CCOC1,CN,C1=NCCN1,C1=CN=CN=C1,CN
198	OP,P,OP,OP,P,OP,CO,CC,C1CCOC1,CN,C1=NCCN1,C1=CN=CN=C1,CN
198	O=P,P,OP,OP,P,OP,CO,C1CCOCC1,CC,CO
198	OP,P,OP,OP,P,OP,CO,C1CCOCC1,CC,CO
198	O=P,P,OP,OP,P,OP,CO,CC,C1CCOC1,CO
198	OP,P,OP,OP,P,OP,CO,CC,C1CCOC1,CO
198	O=P,P,OP,OP,P,OP,CO,C1CCOCC1,CO
198	OP,P,OP,OP,P,OP,CO,C1CCOCC1,CO
198	O=P,P,OP,CO,CC,C1CCOC1,CN,C1=NCCN1,C1=CN=CN=C1,CN
198	OP,P,OP,CO,CC,C1CCOC1,CN,C1=NCCN1,C1=CN=CN=C1,CN
198	O=P,P,OP,CO,C1CCOCC1,CC,CO
198	OP,P,OP,CO,C1CCOCC1,CC,CO
198	O=P,P,OP,CO,CC,C1CCOC1,CO
198	OP,P,OP,CO,CC,C1CCOC1,CO
198	O=P,P,OP,CO,C1CCOCC1,CO
198	OP,P,OP,CO,C1CCOCC1,CO
198	O=P,P,OP,OP,P,O=P
198	O=P,P,OP,OP,P,OP
198	OP,P,OP,OP,P,O=P
198	OP,P,OP,OP,P,OP
198	CO,C1CCOC1,CN,C1=NCCN1,C1=CN=CN=C1,CN
198	CO,CC,C1CCOCC1,CO
198	CO,C1CCOCC1,CO
198	CO,C1CCOC1,CO
198	O=P,P,OP
200	O=P,P,OP,CO,CC,C1CCOC1,CN,C1=C[NH]C=N1,CC,C,C=O
200	O=P,P,OP,CO,CC,C1CCOC1,CN,C1=C[NH]C=N1,CC,C,CN
200	OP,P,OP,CO,CC,C1CCOC1,CN,C1=C[NH]C=N1,CC,C,C=O
200	OP,P,OP,CO,CC,C1CCOC1,CN,C1=C[NH]C=N1,CC,C,CN
200	O=P,P,OP,CO,CC,C1CCOC1,CN,C1=C[NH]C=N1,CN
200	OP,P,OP,CO,CC,C1CCOC1,CN,C1=C[NH]C=N1,CN
200	CO,C1CCOC1,CN,C1=C[NH]C=N1,CC,C,C=O
200	CO,C1CCOC1,CN,C1=C[NH]C=N1,CC,C,CN
200	O=P,P,OP,CO,CC,C1CCOC1,CO
200	OP,P,OP,CO,CC,C1CCOC1,CO
200	CO,C1CCOC1,CN,C1=C[NH]C=N1,CN
200	CN,C1=C[NH]C=N1,CC,C,C=O
200	CN,C1=C[NH]C=N1,CC,C,CN
200	CO,C1CCOC1,CO
200	O=P,P,OP
200	OP,P,OP
200	C=O,C,CN
202	CC,C,C=C,CC,CC,CC,C,C=C,CC,CC,CC,C,C=C,CC,CC,CC,C,C=C,CC,CC,CC,C,C=C,CC,CC,CC,C,C=C,CC,CO,OP,P,OP,OP,P,O=P
202	CC,C,C=C,CC,CC,CC,C,C=C,CC,CC,CC,C,C=C,CC,CC,CC,C,C=C,CC,CC,CC,C,C=C,CC,CC,CC,C,C=C,CC,CO,OP,P,OP,OP,P,OP
202	O=P,P,OP,OP,P,OP,CO,CC,C=C,C,CC,CC,CC,C=C,C,CC,CC,CC,C=C,C,CC,CC,CC,C=C,C,CC,CC,CC,C=C,C,CC,CC,CC,C=C,C,CC
202	OP,P,OP,OP,P,OP,CO,CC,C=C,C,CC,CC,CC,C=C,C,CC,CC,CC,C=C,C,CC,CC,CC,C=C,C,CC,CC,CC,C=C,C,CC,CC,CC,C=C,C,CC
202	CC,C,C=C,CC,CC,CC,C,C=C,CC,CC,CC,C,C=C,CC,CC,CC,C,C=C,CC,CC,CC,C,C=C,CC,CC,CC,C,C=C,CC,CO,OP,P,O=P
202	CC,C,C=C,CC,CC,CC,C,C=C,CC,CC,CC,C,C=C,CC,CC,CC,C,C=C,CC,CC,CC,C,C=C,CC,CC,CC,C,C=C,CC,CO,OP,P,OP
202	O=P,P,OP,CO,CC,C=C,C,CC,CC,CC,C=C,C,CC,CC,CC,C=C,C,CC,CC,CC,C=C,C,CC,CC,CC,C=C,C,CC,CC,CC,C=C,C,CC
202	OP,P,OP,CO,CC,C=C,C,CC,CC,CC,C=C,C,CC,CC,CC,C=C,C,CC,CC,CC,C=C,C,CC,CC,CC,C=C,C,CC,CC,CC,C=C,C,CC
202	O=P,P,OP,OP,P,OP,CO,CC,C=C,C,CC,CC,CC,C=C,C,CC,CC,CC,C=C,C,CC,CC,CC,C=C,C,CC,CC,CC,C=C,C,CC
202	OP,P,OP,OP,P,OP,CO,CC,C=C,C,CC,CC,CC,C=C,C,CC,CC,CC,C=C,C,CC,CC,CC,C=C,C,CC,CC,CC,C=C,C,CC
202	O=P,P,OP,CO,CC,C=C,C,CC,CC,CC,C=C,C,CC,CC,CC,C=C,C,CC,CC,CC,C=C,C,CC,CC,CC,C=C,C,CC
202	OP,P,OP,CO,CC,C=C,C,CC,CC,CC,C=C,C,CC,CC,CC,C=C,C,CC,CC,CC,C=C,C,CC,CC,CC,C=C,C,CC
202	CC,C,C=C,CC,CC,CC,C,C=C,CC,CC,CC,C,C=C,CC,CC,CC,C,C=C,CC,CC,CC,C,C=C,CC,CC,CC,C,CC
202	CC,C,CC,CC,CC,C=C,C,CC,CC,CC,C=C,C,CC,CC,CC,C=C,C,CC,CC,CC,C=C,C,CC,CC,CC,C=C,C,CC
202	O=P,P,OP,OP,P,OP,CO,CC,C=C,C,CC,CC,CC,C=C,C,CC,CC,CC,C=C,C,CC,CC,CC,C=C,C,CC
202	OP,P,OP,OP,P,OP,CO,CC,C=C,C,CC,CC,CC,C=C,C,CC,CC,CC,C=C,C,CC,CC,CC,C=C,C,CC
202	O=P,P,OP,CO,CC,C=C,C,CC,CC,CC,C=C,C,CC,CC,CC,C=C,C,CC,CC,CC,C=C,C,CC
202	OP,P,OP,CO,CC,C=C,C,CC,CC,CC,C=C,C,CC,CC,CC,C=C,C,CC,CC,CC,C=C,C,CC
202	CC,C,C=C,CC,CC,CC,C,C=C,CC,CC,CC,C,C=C,CC,CC,CC,C,C=C,CC,CC,CC,C,CC
202	CC,C,CC,CC,CC,C=C,C,CC,CC,CC,C=C,C,CC,CC,CC,C=C,C,CC,CC,CC,C=C,C,CC
202	O=P,P,OP,OP,P,OP,CO,CC,C=C,C,CC,CC,CC,C=C,C,CC,CC,CC,C=C,C,CC
202	OP,P,OP,OP,P,OP,CO,CC,C=C,C,CC,CC,CC,C=C,C,CC,CC,CC,C=C,C,CC
202	O=P,P,OP,CO,CC,C=C,C,CC,CC,CC,C=C,C,CC,CC,CC,C=C,C,CC
202	OP,P,OP,CO,CC,C=C,C,CC,CC,CC,C=C,C,CC,CC,CC,C=C,C,CC
202	CC,C,C=C,CC,CC,CC,C,C=C,CC,CC,CC,C,C=C,CC,CC,CC,C,CC
202	CC,C,CC,CC,CC,C=C,C,CC,CC,CC,C=C,C,CC,CC,CC,C=C,C,CC
202	O=P,P,OP,OP,P,OP,CO,CC,C=C,C,CC,CC,CC,C=C,C,CC
202	OP,P,OP,OP,P,OP,CO,CC,C=C,C,CC,CC,CC,C=C,C,CC
202	O=P,P,OP,CO,CC,C=C,C,CC,CC,CC,C=C,C,CC
202	OP,P,OP,CO,CC,C=C,C,CC,CC,CC,C=C,C,CC
202	CC,C,C=C,CC,CC,CC,C,C=C,CC,CC,CC,C,CC
202	CC,C,CC,CC,CC,C=C,C,CC,CC,CC,C=C,C,CC
202	O=P,P,OP,OP,P,OP,CO,CC,C=C,C,CC
202	OP,P,OP,OP,P,OP,CO,CC,C=C,C,CC
202	O=P,P,OP,CO,CC,C=C,C,CC
202	OP,P,OP,CO,CC,C=C,C,CC
202	CC,C,C=C,CC,CC,CC,C,CC
202	CC,C,CC,CC,CC,C=C,C,CC
202	O=P,P,OP,OP,P,O=P
202	O=P,P,OP,OP,P,OP
202	OP,P,OP,OP,P,O=P
202	OP,P,OP,OP,P,OP
202	O=P,P,OP
202	OP,P,OP
202	CC,C,CC
5958	CO,C1CCOCC1,CC,CO,OP,P,O=P
5958	CO,C1CCOCC1,CC,CO,OP,P,OP
5958	CO,C1CCOCC1,CO
5958	O=P,P,OP
5958	OP,P,OP
211	CC,C1=CC=CC=C1,C1=C[NH]C=N1,CN,C1CCOC1,CC,CO
211	CC,C1=CC=CC=C1,C1=C[NH]C=N1,CN,C1CCOC1,CO
211	CO,CC,C1CCOC1,CO
211	CO,C1CCOC1,CO
211	CC,C1=CC=CC=C1,CC
212	CC,C1=CC=CC=C1,C1=C[NH]C=N1,CN,C1CCOC1,CC,CO,OP,P,O=P
212	CC,C1=CC=CC=C1,C1=C[NH]C=N1,CN,C1CCOC1,CC,CO,OP,P,OP
212	O=P,P,OP,CO,CC,C1CCOC1,CO
212	OP,P,OP,CO,CC,C1CCOC1,CO
212	CC,C1=CC=CC=C1,C1=C[NH]C=N1,CN,C1CCOC1,CO
212	CO,C1CCOC1,CO
212	O=P,P,OP
212	OP,P,OP
212	CC,C1=CC=CC=C1,CC
213	CC,CC,CC,CC,CC,C,CC,C=C,CC,C1CC2CC(O1)O2,CC,CC,C=C,CC,CC,CC,CC,C,C=O
213	CC,CC,CC,CC,CC,C,CC,C=C,CC,C1CC2CC(O1)O2,CC,CC,C=C,CC,CC,CC,CC,C,CO
213	C=O,C,CC,CC,CC,CC,C=C,CC,CC,C1CC2CC(O1)O2,CC,C=C,CC,C,CO
213	CO,C,CC,CC,CC,CC,C=C,CC,CC,C1CC2CC(O1)O2,CC,C=C,CC,C,CO
213	CC,CC,CC,CC,CC,C,CO
213	C=O,C,CO
214	CC,CC,CC,CC,CC,C,CC,C=C,CC,C1CCCC1,CC,CC,CC,CC,CC,CC,CC,C,C=O
214	CC,CC,CC,CC,CC,C,CC,C=C,CC,C1CCCC1,CC,CC,CC,CC,CC,CC,CC,C,CO
214	C=O,C,CC,CC,CC,CC,CC,CC,CC,C1CCCC1,CC,C=C,CC,C,CO
214	CO,C,CC,CC,CC,CC,CC,CC,CC,C1CCCC1,CC,C=C,CC,C,CO
214	CC,CC,CC,CC,CC,C,CC,C=C,CC,C1CCCC1,C=O
214	CC,CC,CC,CC,CC,C,CC,C=C,CC,C1CCCC1,CO
214	C=O,C1CCCC1,CC,CC,CC,CC,CC,CC,CC,C,C=O
214	C=O,C1CCCC1,CC,CC,CC,CC,CC,CC,CC,C,CO
214	C=O,C,CC,CC,CC,CC,CC,CC,CC,C1CCCC1,CO
214	CO,C,CC,CC,CC,CC,CC,CC,CC,C1CCCC1,CO
214	C=O,C1CCCC1,CC,C=C,CC,C,CO
214	CO,C1CCCC1,CC,C=C,CC,C,CO
214	CC,CC,CC,CC,CC,C,CO
214	C=O,C1CCCC1,CO
214	C=O,C,CO
216	CC,C1=CN=CN=C1,CC,CO,OP,P,O=P
216	CC,C1=CN=CN=C1,CC,CO,OP,P,OP
216	CN,C1=CN=CN=C1,CC,CO,OP,P,O=P
216	CN,C1=CN=CN=C1,CC,CO,OP,P,OP
216	O=P,P,OP
216	OP,P,OP
216	CC,C1=CN=CN=C1,CN
217	CC,C1=CN=CN=C1,CC,CO,OP,P,OP,OP,P,O=P
217	CC,C1=CN=CN=C1,CC,CO,OP,P,OP,OP,P,OP
217	CN,C1=CN=CN=C1,CC,CO,OP,P,OP,OP,P,O=P
217	CN,C1=CN=CN=C1,CC,CO,OP,P,OP,OP,P,OP
217	CC,C1=CN=CN=C1,CC,CO,OP,P,O=P
217	CC,C1=CN=CN=C1,CC,CO,OP,P,OP
217	CN,C1=CN=CN=C1,CC,CO,OP,P,O=P
217	CN,C1=CN=CN=C1,CC,CO,OP,P,OP
217	O=P,P,OP,OP,P,O=P
217	O=P,P,OP,OP,P,OP
217	OP,P,OP,OP,P,O=P
217	OP,P,OP,OP,P,OP
217	O=P,P,OP
217	OP,P,OP
217	CC,C1=CN=CN=C1,CN
220	CC,CO,OP,P,OP,CO,C1=CC=CC=C1,CN
220	CC,CO,OP,P,OP,CO,CC
220	P=S,P,OP,CO,C1=CC=CC=C1,CN
220	CC,CO,OP,P,P=S
220	P=S,P,OP,CO,CC
221	CO,CC,C,CC,C,CC,C,CC,CN,CN,C1=CNCNC1,C=O
221	CO,CC,C,CC,C,CC,C,CC,CN,CN,C1=CNCNC1,CN
221	CO,C,CC,C,CC,C,CC,CN,CN,C1=CNCNC1,C=O
221	CO,C,CC,C,CC,C,CC,CN,CN,C1=CNCNC1,CN
221	CO,C,CC,C,CC,CN,CN,C1=CNCNC1,C=O
221	CO,C,CC,C,CC,CN,CN,C1=CNCNC1,CN
221	CO,CC,C,CC,C,CC,C,CO
221	CO,C,CC,CN,CN,C1=CNCNC1,C=O
221	CO,C,CC,CN,CN,C1=CNCNC1,CN
221	CO,C,CC,C,CC,C,CO
221	CO,CC,C,CC,C,CO
221	CO,C,CC,C,CO
221	CO,CC,C,CO
221	C=O,C1=CNCNC1,C=O
221	C=O,C1=CNCNC1,CN
6083	O=P,P,OP,CO,CC,C1CCOC1,CN,C1=NCCN1,C1=CN=CN=C1,CN
6083	OP,P,OP,CO,CC,C1CCOC1,CN,C1=NCCN1,C1=CN=CN=C1,CN
6083	O=P,P,OP,CO,CC,C1CCOC1,CO
6083	OP,P,OP,CO,CC,C1CCOC1,CO
6083	CO,C1CCOC1,CN,C1=NCCN1,C1=CN=CN=C1,CN
6083	CO,C1CCOC1,CO
6083	O=P,P,OP
6083	OP,P,OP
5880	CC,C1CCCCC1,C1CCCCC1,C1CCCCC1,C1CCCC1,C=O
5880	C=O,C1CCCC1,C1CCCCC1,C1CCCCC1,C1CCCCC1,CO
5880	CC,C1CCCCC1,C1CCCCC1,C1CCCCC1,CC
5880	CC,C1CCCCC1,C1CCCCC1,C1CCCCC1,CO
5880	C=O,C1CCCC1,C1CCCCC1,CC
5880	CC,C1CCCCC1,CO
228	O=S,S,OS,OP,P,OP,CO,CC,C1CCOC1,CN,C1=NCCN1,C1=CN=CN=C1,CN
228	OS,S,OS,OP,P,OP,CO,CC,C1CCOC1,CN,C1=NCCN1,C1=CN=CN=C1,CN
228	O=S,S,OS,OP,P,OP,CO,CC,C1CCOC1,CO
228	OS,S,OS,OP,P,OP,CO,CC,C1CCOC1,CO
228	O=P,P,OP,CO,CC,C1CCOC1,CN,C1=NCCN1,C1=CN=CN=C1,CN
228	OP,P,OP,CO,CC,C1CCOC1,CN,C1=NCCN1,C1=CN=CN=C1,CN
228	O=P,P,OP,CO,CC,C1CCOC1,CO
228	OP,P,OP,CO,CC,C1CCOC1,CO
228	O=P,P,OP,OS,S,O=S
228	O=P,P,OP,OS,S,OS
228	OP,P,OP,OS,S,O=S
228	OP,P,OP,OS,S,OS
228	CO,C1CCOC1,CN,C1=NCCN1,C1=CN=CN=C1,CN
228	CO,C1CCOC1,CO
228	O=P,P,OP
228	O=S,S,O=S
228	O=S,S,OS
230	C=O,CC,C,CC,C,CC,C,CC,CO,OP,P,O=P
230	C=O,CC,C,CC,C,CC,C,CC,CO,OP,P,OP
230	CO,C,CC,C,CC,C,CC,CO,OP,P,O=P
230	CO,C,CC,C,CC,C,CC,CO,OP,P,OP
230	CO,C,CC,C,CC,CO,OP,P,O=P
230	CO,C,CC,C,CC,CO,OP,P,OP
230	C=O,CC,C,CC,C,CC,C,CO
230	CO,C,CC,CO,OP,P,O=P
230	CO,C,CC,CO,OP,P,OP
230	CO,C,CC,C,CC,C,CO
230	C=O,CC,C,CC,C,CO
230	CO,C,CC,C,CO
230	C=O,CC,C,CO
230	O=P,P,OP
230	OP,P,OP
231	CC,CC,CC,CC,CC,C=C,CC,CC,C=C,CC,CC,C=C,CC,CC,C=C,CC,CC,CC,CC,C,C=O
231	CC,CC,CC,CC,CC,C=C,CC,CC,C=C,CC,CC,C=C,CC,CC,C=C,CC,CC,CC,CC,C,CO
231	C=O,C,CO
237	CC,CN,N,CN,CC,CC,CC,C,CN,CN,C1=CC=NC=C1,C1=CCCC=C1,CO,CO
237	CC,CN,N,CN,CC,CC,CC,C,CN,CN,C1=CC=NC=C1,C1=CC=CC=C1,CCl
237	CC,CN,N,CN,CC,CC,CC,C,CC
237	CC,C,CN,CN,C1=CC=NC=C1,C1=CCCC=C1,CO,CO
237	CC,C,CN,CN,C1=CC=NC=C1,C1=CC=CC=C1,CCl
237	CCl,C1=CC=CC=C1,C1=CC=NC=C1,C1=CCCC=C1,CO,CO
237	CC,CN,N,CN,CC
5957	O=P,P,OP,OP,P,OP,OP,P,OP,CO,CC,C1CCOC1,CN,C1=NCCN1,C1=CN=CN=C1,CN
5957	OP,P,OP,OP,P,OP,OP,P,OP,CO,CC,C1CCOC1,CN,C1=NCCN1,C1=CN=CN=C1,CN
5957	O=P,P,OP,OP,P,OP,OP,P,OP,CO,CC,C1CCOC1,CO
5957	OP,P,OP,OP,P,OP,OP,P,OP,CO,CC,C1CCOC1,CO
5957	O=P,P,OP,OP,P,OP,CO,CC,C1CCOC1,CN,C1=NCCN1,C1=CN=CN=C1,CN
5957	OP,P,OP,OP,P,OP,CO,CC,C1CCOC1,CN,C1=NCCN1,C1=CN=CN=C1,CN
5957	O=P,P,OP,OP,P,OP,CO,CC,C1CCOC1,CO
5957	OP,P,OP,OP,P,OP,CO,CC,C1CCOC1,CO
5957	O=P,P,OP,CO,CC,C1CCOC1,CN,C1=NCCN1,C1=CN=CN=C1,CN
5957	OP,P,OP,CO,CC,C1CCOC1,CN,C1=NCCN1,C1=CN=CN=C1,CN
5957	O=P,P,OP,OP,P,OP,OP,P,O=P
5957	O=P,P,OP,OP,P,OP,OP,P,OP
5957	OP,P,OP,OP,P,OP,OP,P,O=P
5957	OP,P,OP,OP,P,OP,OP,P,OP
5957	O=P,P,OP,CO,CC,C1CCOC1,CO
5957	OP,P,OP,CO,CC,C1CCOC1,CO
5957	O=P,P,OP,OP,P,O=P
5957	O=P,P,OP,OP,P,OP
5957	OP,P,OP,OP,P,O=P
5957	OP,P,OP,OP,P,OP
5957	CO,C1CCOC1,CN,C1=NCCN1,C1=CN=CN=C1,CN
5957	CO,C1CCOC1,CO
5957	O=P,P,OP
5957	OP,P,OP
245	CC,C,CN,CN,C1CCOCC1,CO,CO,C1CCOCC1,CC,CO
245	C=O,C,CN,CN,C1CCOCC1,CO,CO,C1CCOCC1,CC,CO
245	CC,C,CN,CN,C1CCOCC1,CO,CO,C1CCOCC1,CO
245	C=O,C,CN,CN,C1CCOCC1,CO,CO,C1CCOCC1,CO
245	CO,CC,C1CCOCC1,CO,CO,C1CCOCC1,CC,CO
245	CO,C1CCOCC1,CO,CO,C1CCOCC1,CC,CO
245	CO,CC,C1CCOCC1,CO,CO,C1CCOCC1,CO
245	CO,C1CCOCC1,CO,CO,C1CCOCC1,CO
245	CC,C,CN,CN,C1CCOCC1,CC,CO
245	C=O,C,CN,CN,C1CCOCC1,CC,CO
245	CC,C,CN,CN,C1CCOCC1,CO
245	C=O,C,CN,CN,C1CCOCC1,CO
245	CO,C1CCOCC1,CC,CO
245	CO,CC,C1CCOCC1,CO
245	CO,C1CCOCC1,CO
245	CC,C,C=O
246	C=O,C1CCCC1,C1CCCCC1,C1CCCCC1,C1CCCCC1,CO,OS,S,O=S
246	C=O,C1CCCC1,C1CCCCC1,C1CCCCC1,C1CCCCC1,CO,OS,S,OS
246	CC,C1CCCCC1,C1CCCCC1,C1CCCCC1,CO,OS,S,O=S
246	CC,C1CCCCC1,C1CCCCC1,C1CCCCC1,CO,OS,S,OS
246	CC,C1CCCCC1,CO,OS,S,O=S
246	CC,C1CCCCC1,CO,OS,S,OS
246	CC,C1CCCCC1,C1CCCCC1,C1CCCCC1,C1CCCC1,C=O
246	CC,C1CCCCC1,C1CCCCC1,C1CCCCC1,CC
246	C=O,C1CCCC1,C1CCCCC1,CC
246	O=S,S,O=S
246	O=S,S,OS
250	C=C,CC,C1=CCNC1,C=C,CC,C1=C[NH]C=C1,CC,CC,C1=C[NH]C=C1,CC,C=C,C1=CCNC1,CC,C=C
250	C=O,C,CC,CC,CC,C1=C[NH]C=C1,CC,CC,C1=C[NH]C=C1,CC,C=C,C1=CCNC1,CC,C=C
250	CO,C,CC,CC,CC,C1=C[NH]C=C1,CC,CC,C1=C[NH]C=C1,CC,C=C,C1=CCNC1,CC,C=C
250	C=O,C1=CCNC1,C=C,CC,C1=C[NH]C=C1,CC,CC,C1=C[NH]C=C1,CC,C=C,C1=CCNC1,CC,C=C
250	CC,C1=CCNC1,C=C,CC,C1=C[NH]C=C1,CC,CC,C1=C[NH]C=C1,CC,C=C,C1=CCNC1,CC,C=C
250	C=C,CC,C1=CCNC1,C=C,CC,C1=C[NH]C=C1,CC,CC,C1=C[NH]C=C1,CC,C=C,C1=CCNC1,C=O
250	C=C,CC,C1=CCNC1,C=C,CC,C1=C[NH]C=C1,CC,CC,C1=C[NH]C=C1,CC,C=C,C1=CCNC1,CC
250	C=O,C,CC,CC,CC,C1=C[NH]C=C1,CC,CC,C1=C[NH]C=C1,CC,CC,CC,C,C=O
250	C=O,C,CC,CC,CC,C1=C[NH]C=C1,CC,CC,C1=C[NH]C=C1,CC,CC,CC,C,CO
250	CO,C,CC,CC,CC,C1=C[NH]C=C1,CC,CC,C1=C[NH]C=C1,CC,CC,CC,C,C=O
250	CO,C,CC,CC,CC,C1=C[NH]C=C1,CC,CC,C1=C[NH]C=C1,CC,CC,CC,C,CO
250	C=O,C,CC,CC,CC,C1=C[NH]C=C1,CC,CC,C1=C[NH]C=C1,CC,C=C,C1=CCNC1,C=O
250	C=O,C,CC,CC,CC,C1=C[NH]C=C1,CC,CC,C1=C[NH]C=C1,CC,C=C,C1=CCNC1,CC
250	CO,C,CC,CC,CC,C1=C[NH]C=C1,CC,CC,C1=C[NH]C=C1,CC,C=C,C1=CCNC1,C=O
250	CO,C,CC,CC,CC,C1=C[NH]C=C1,CC,CC,C1=C[NH]C=C1,CC,C=C,C1=CCNC1,CC
250	C=O,C1=CCNC1,C=C,CC,C1=C[NH]C=C1,CC,CC,C1=C[NH]C=C1,CC,C=C,C1=CCNC1,C=O
250	C=O,C1=CCNC1,C=C,CC,C1=C[NH]C=C1,CC,CC,C1=C[NH]C=C1,CC,C=C,C1=CCNC1,CC
250	CC,C1=CCNC1,C=C,CC,C1=C[NH]C=C1,CC,CC,C1=C[NH]C=C1,CC,C=C,C1=CCNC1,C=O
250	CC,C1=CCNC1,C=C,CC,C1=C[NH]C=C1,CC,CC,C1=C[NH]C=C1,CC,C=C,C1=CCNC1,CC
250	C=O,C,CC,CC,CC,C1=C[NH]C=C1,CC,C=C,C1=CCNC1,CC,C=C
250	CO,C,CC,CC,CC,C1=C[NH]C=C1,CC,C=C,C1=CCNC1,CC,C=C
250	C=C,CC,C1=CCNC1,C=C,CC,C1=C[NH]C=C1,CC,CC,CC,C,C=O
250	C=C,CC,C1=CCNC1,C=C,CC,C1=C[NH]C=C1,CC,CC,CC,C,CO
250	CC,C1=C[NH]C=C1,CC,CC,C1=C[NH]C=C1,CC,C=C,C1=CCNC1,CC,C=C
250	CC,C1=C[NH]C=C1,CC,CC,C1=C[NH]C=C1,CC,CC,CC,C,C=O
250	CC,C1=C[NH]C=C1,CC,CC,C1=C[NH]C=C1,CC,CC,CC,C,CO
250	C=O,C,CC,CC,CC,C1=C[NH]C=C1,CC,CC,C1=C[NH]C=C1,CC
250	C=O,C,CC,CC,CC,C1=C[NH]C=C1,CC,C=C,C1=CCNC1,C=O
250	C=O,C,CC,CC,CC,C1=C[NH]C=C1,CC,C=C,C1=CCNC1,CC
250	CO,C,CC,CC,CC,C1=C[NH]C=C1,CC,CC,C1=C[NH]C=C1,CC
250	CO,C,CC,CC,CC,C1=C[NH]C=C1,CC,C=C,C1=CCNC1,C=O
250	CO,C,CC,CC,CC,C1=C[NH]C=C1,CC,C=C,C1=CCNC1,CC
250	C=O,C1=CCNC1,C=C,CC,C1=C[NH]C=C1,CC,CC,CC,C,C=O
250	C=O,C1=CCNC1,C=C,CC,C1=C[NH]C=C1,CC,CC,CC,C,CO
250	CC,C1=CCNC1,C=C,CC,C1=C[NH]C=C1,CC,CC,CC,C,C=O
250	CC,C1=CCNC1,C=C,CC,C1=C[NH]C=C1,CC,CC,CC,C,CO
250	CC,C1=C[NH]C=C1,CC,CC,C1=C[NH]C=C1,CC,C=C,C1=CCNC1,C=O
250	CC,C1=C[NH]C=C1,CC,CC,C1=C[NH]C=C1,CC,C=C,C1=CCNC1,CC
250	CC,C1=C[NH]C=C1,CC,C=C,C1=CCNC1,CC,C=C
250	C=C,CC,C1=CCNC1,C=C,CC,C1=C[NH]C=C1,CC
250	CC,C1=C[NH]C=C1,CC,CC,CC,C,C=O
250	CC,C1=C[NH]C=C1,CC,CC,CC,C,CO
250	CC,C1=C[NH]C=C1,CC,CC,C1=C[NH]C=C1,CC
250	CC,C1=C[NH]C=C1,CC,C=C,C1=CCNC1,C=O
250	CC,C1=C[NH]C=C1,CC,C=C,C1=CCNC1,CC
250	C=O,C1=CCNC1,C=C,CC,C1=C[NH]C=C1,CC
250	CC,C1=CCNC1,C=C,CC,C1=C[NH]C=C1,CC
250	C=O,C1=CCNC1,CC,C=C
250	CC,C1=CCNC1,CC,C=C
250	C=C,CC,C1=CCNC1,CC
250	C=O,C1=CCNC1,CC
250	C=O,C,CO
251	C=C,CC,C1=CCNC1,C=C,CC,C1=C[NH]C=C1,CC,C=C,C1=CCNC1,C=C,CC,C1=CCN=C1,CC,C=C
251	C=C,CC,C1=CCNC1,C=C,CC,C1=C[NH]C=C1,CC,C=C,C1=CCNC1,CC,CC,CC,C,C=O
251	C=C,CC,C1=CCNC1,C=C,CC,C1=C[NH]C=C1,CC,C=C,C1=CCNC1,CC,CC,CC,C,CO
251	C=O,C,CC,CC,CC,C1=C[NH]C=C1,CC,C=C,C1=CCNC1,C=C,CC,C1=CCN=C1,CC,C=C
251	CO,C,CC,CC,CC,C1=C[NH]C=C1,CC,C=C,C1=CCNC1,C=C,CC,C1=CCN=C1,CC,C=C
251	C=O,C1=CCNC1,C=C,CC,C1=C[NH]C=C1,CC,C=C,C1=CCNC1,C=C,CC,C1=CCN=C1,CC,C=C
251	CC,C1=CCNC1,C=C,CC,C1=C[NH]C=C1,CC,C=C,C1=CCNC1,C=C,CC,C1=CCN=C1,CC,C=C
251	C=C,CC,C1=CCNC1,C=C,CC,C1=C[NH]C=C1,CC,C=C,C1=CCNC1,C=C,CC,C1=CCN=C1,C=O
251	C=C,CC,C1=CCNC1,C=C,CC,C1=C[NH]C=C1,CC,C=C,C1=CCNC1,C=C,CC,C1=CCN=C1,CC
251	C=O,C,CC,CC,CC,C1=C[NH]C=C1,CC,C=C,C1=CCNC1,CC,CC,CC,C,C=O
251	C=O,C,CC,CC,CC,C1=C[NH]C=C1,CC,C=C,C1=CCNC1,CC,CC,CC,C,CO
251	CO,C,CC,CC,CC,C1=C[NH]C=C1,CC,C=C,C1=CCNC1,CC,CC,CC,C,C=O
251	CO,C,CC,CC,CC,C1=C[NH]C=C1,CC,C=C,C1=CCNC1,CC,CC,CC,C,CO
251	C=O,C1=CCNC1,C=C,CC,C1=C[NH]C=C1,CC,C=C,C1=CCNC1,CC,CC,CC,C,C=O
251	C=O,C1=CCNC1,C=C,CC,C1=C[NH]C=C1,CC,C=C,C1=CCNC1,CC,CC,CC,C,CO
251	CC,C1=CCNC1,C=C,CC,C1=C[NH]C=C1,CC,C=C,C1=CCNC1,CC,CC,CC,C,C=O
251	CC,C1=CCNC1,C=C,CC,C1=C[NH]C=C1,CC,C=C,C1=CCNC1,CC,CC,CC,C,CO
251	C=O,C,CC,CC,CC,C1=C[NH]C=C1,CC,C=C,C1=CCNC1,C=C,CC,C1=CCN=C1,C=O
251	C=O,C,CC,CC,CC,C1=C[NH]C=C1,CC,C=C,C1=CCNC1,C=C,CC,C1=CCN=C1,CC
251	CO,C,CC,CC,CC,C1=C[NH]C=C1,CC,C=C,C1=CCNC1,C=C,CC,C1=CCN=C1,C=O
251	CO,C,CC,CC,CC,C1=C[NH]C=C1,CC,C=C,C1=CCNC1,C=C,CC,C1=CCN=C1,CC
251	C=O,C1=CCNC1,C=C,CC,C1=C[NH]C=C1,CC,C=C,C1=CCNC1,C=C,CC,C1=CCN=C1,C=O
251	C=O,C1=CCNC1,C=C,CC,C1=C[NH]C=C1,CC,C=C,C1=CCNC1,C=C,CC,C1=CCN=C1,CC
251	CC,C1=CCNC1,C=C,CC,C1=C[NH]C=C1,CC,C=C,C1=CCNC1,C=C,CC,C1=CCN=C1,C=O
251	CC,C1=CCNC1,C=C,CC,C1=C[NH]C=C1,CC,C=C,C1=CCNC1,C=C,CC,C1=CCN=C1,CC
251	C=C,CC,C1=CCNC1,C=C,CC,C1=C[NH]C=C1,CC,CC,CC,C,C=O
251	C=C,CC,C1=CCNC1,C=C,CC,C1=C[NH]C=C1,CC,CC,CC,C,CO
251	C=C,CC,C1=CCN=C1,CC,C=C,C1=CCNC1,CC,CC,CC,C,C=O
251	C=C,CC,C1=CCN=C1,CC,C=C,C1=CCNC1,CC,CC,CC,C,CO
251	CC,C1=CCNC1,C=C,CC,C1=C[NH]C=C1,CC,C=C,C1=CCNC1,CC,C=C
251	CC,C1=C[NH]C=C1,CC,C=C,C1=CCNC1,C=C,CC,C1=CCN=C1,CC,C=C
251	CC,C1=CCNC1,C=C,CC,C1=C[NH]C=C1,CC,CC,CC,C,C=O
251	CC,C1=CCNC1,C=C,CC,C1=C[NH]C=C1,CC,CC,CC,C,CO
251	C=O,C1=CCNC1,C=C,CC,C1=C[NH]C=C1,CC,CC,CC,C,C=O
251	C=O,C1=CCNC1,C=C,CC,C1=C[NH]C=C1,CC,CC,CC,C,CO
251	CC,C1=C[NH]C=C1,CC,C=C,C1=CCNC1,CC,CC,CC,C,C=O
251	CC,C1=C[NH]C=C1,CC,C=C,C1=CCNC1,CC,CC,CC,C,CO
251	C=O,C1=CCN=C1,CC,C=C,C1=CCNC1,CC,CC,CC,C,C=O
251	C=O,C1=CCN=C1,CC,C=C,C1=CCNC1,CC,CC,CC,C,CO
251	CC,C1=CCN=C1,CC,C=C,C1=CCNC1,CC,CC,CC,C,C=O
251	CC,C1=CCN=C1,CC,C=C,C1=CCNC1,CC,CC,CC,C,CO
251	CC,C1=CCNC1,C=C,CC,C1=C[NH]C=C1,CC,C=C,C1=CCNC1,C=O
251	CC,C1=CCNC1,C=C,CC,C1=C[NH]C=C1,CC,C=C,C1=CCNC1,CC
251	CC,C1=C[NH]C=C1,CC,C=C,C1=CCNC1,C=C,CC,C1=CCN=C1,C=O
251	CC,C1=C[NH]C=C1,CC,C=C,C1=CCNC1,C=C,CC,C1=CCN=C1,CC
251	CC,C1=CCNC1,C=C,CC,C1=CCN=C1,CC,C=C
251	C=C,CC,C1=CCNC1,C=C,CC,C1=C[NH]C=C1,CC
251	CC,C1=CCNC1,CC,CC,CC,C,C=O
251	CC,C1=CCNC1,CC,CC,CC,C,CO
251	CC,C1=C[NH]C=C1,CC,CC,CC,C,C=O
251	CC,C1=C[NH]C=C1,CC,CC,CC,C,CO
251	CC,C1=CCNC1,C=C,CC,C1=C[NH]C=C1,CC
251	CC,C1=CCNC1,C=C,CC,C1=CCN=C1,C=O
251	CC,C1=CCNC1,C=C,CC,C1=CCN=C1,CC
251	C=O,C1=CCNC1,C=C,CC,C1=C[NH]C=C1,CC
251	C=O,C1=CCNC1,CC,C=C
251	CC,C1=CCNC1,CC,C=C
251	C=O,C1=CCN=C1,CC,C=C
251	CC,C1=CCN=C1,CC,C=C
251	C=O,C1=CCNC1,CC
251	C=O,C1=CCN=C1,CC
251	C=O,C,CO
252	CC,C,CC,C,CC,C1=CNCC=N1,C1=CNC=NC1,C=O
252	CC,C,CC,C,CC,C1=CNCC=N1,C1=CNC=NC1,CN
252	C=O,C1=CNC=NC1,C1=CNCC=N1,CC,C,CC,C,CO
252	CN,C1=CNC=NC1,C1=CNCC=N1,CC,C,CC,C,CO
252	C=O,C1=CNC=NC1,C1=CNCC=N1,CC,C,CO
252	CN,C1=CNC=NC1,C1=CNCC=N1,CC,C,CO
252	CC,C,CC,C,CO
252	CO,C,CC,C,CO
252	C=O,C1=CNC=NC1,CN
252	CC,C,CO
253	C=O,C,CC,CC,CC,CC,CC,C1CCSC1,C1CNCN1,C=O
253	CO,C,CC,CC,CC,CC,CC,C1CCSC1,C1CNCN1,C=O
253	C=O,C,CO
258	C=O,C1=CNCN=C1,CN,C1=CCOCC1,CN,CN,C,CC,CC,C,CC,CC,CN,N,CN,C,C=N
258	C=O,C1=CNCN=C1,CN,C1=CCOCC1,CN,CN,C,CC,CC,C,CC,CC,CN,N,CN,C,CN
258	CN,C1=CNCN=C1,CN,C1=CCOCC1,CN,CN,C,CC,CC,C,CC,CC,CN,N,CN,C,C=N
258	CN,C1=CNCN=C1,CN,C1=CCOCC1,CN,CN,C,CC,CC,C,CC,CC,CN,N,CN,C,CN
258	C=O,C,CC,C1=CCOCC1,CN,CN,C,CC,CC,C,CC,CC,CN,N,CN,C,C=N
258	C=O,C,CC,C1=CCOCC1,CN,CN,C,CC,CC,C,CC,CC,CN,N,CN,C,CN
258	CO,C,CC,C1=CCOCC1,CN,CN,C,CC,CC,C,CC,CC,CN,N,CN,C,C=N
258	CO,C,CC,C1=CCOCC1,CN,CN,C,CC,CC,C,CC,CC,CN,N,CN,C,CN
258	CN,N,CN,CC,CC,C,CC,CC,C,CN,CN,C1=CCOCC1,CN,C1=CNCN=C1,C=O
258	CN,N,CN,CC,CC,C,CC,CC,C,CN,CN,C1=CCOCC1,CN,C1=CNCN=C1,CN
258	CN,N,CN,CC,CC,C,CC,CC,C,CN,CN,C1=CCOCC1,CC,C,C=O
258	CN,N,CN,CC,CC,C,CC,CC,C,CN,CN,C1=CCOCC1,CC,C,CO
258	C=O,C,CC,CC,C,CC,CC,CN,N,CN,C,C=N
258	C=O,C,CC,CC,C,CC,CC,CN,N,CN,C,CN
258	C=O,C1=CNCN=C1,CN,C1=CCOCC1,CN,CN,C,CC,CC,C,CN
258	CN,C1=CNCN=C1,CN,C1=CCOCC1,CN,CN,C,CC,CC,C,CN
258	C=O,C,CC,C1=CCOCC1,CN,CN,C,CC,CC,C,CN
258	CO,C,CC,C1=CCOCC1,CN,CN,C,CC,CC,C,CN
258	CN,N,CN,CC,CC,C,CC,CC,C,C=O
258	CN,C,CC,CC,CN,N,CN,C,C=N
258	CN,C,CC,CC,CN,N,CN,C,CN
258	C=O,C,CN,CN,C1=CCOCC1,CN,C1=CNCN=C1,C=O
258	C=O,C,CN,CN,C1=CCOCC1,CN,C1=CNCN=C1,CN
258	C=O,C,CN,CN,C1=CCOCC1,CC,C,C=O
258	C=O,C,CN,CN,C1=CCOCC1,CC,C,CO
258	C=O,C,CC,C1=CCOCC1,CN,C1=CNCN=C1,C=O
258	C=O,C,CC,C1=CCOCC1,CN,C1=CNCN=C1,CN
258	CO,C,CC,C1=CCOCC1,CN,C1=CNCN=C1,C=O
258	CO,C,CC,C1=CCOCC1,CN,C1=CNCN=C1,CN
258	CN,N,CN,CC,CC,C,CN
258	C=O,C,CC,CC,C,CN
258	CN,N,CN,C,C=N
258	CN,N,CN,C,CN
258	C=O,C1=CNCN=C1,CN
258	C=O,C,CO
258	C=N,C,CN
6076	CN,C1=CN=CN=C1,C1=NCCN1,CN,C1CCOC1,C1COPOC1,P,O=P
6076	CN,C1=CN=CN=C1,C1=NCCN1,CN,C1CCOC1,C1COPOC1,P,OP
6076	CN,C1=CN=CN=C1,C1=NCCN1,CN,C1CCOC1,CO
6076	CO,C1CCOC1,C1COPOC1,P,O=P
6076	CO,C1CCOC1,C1COPOC1,P,OP
6076	O=P,P,OP
287	C=O,C,CC,C1=CC=CC=C1,CN,CN,CC,C,CC,C,CC,C,CC,CO,OP,P,O=P
287	C=O,C,CC,C1=CC=CC=C1,CN,CN,CC,C,CC,C,CC,C,CC,CO,OP,P,OP
287	CO,C,CC,C1=CC=CC=C1,CN,CN,CC,C,CC,C,CC,C,CC,CO,OP,P,O=P
287	CO,C,CC,C1=CC=CC=C1,CN,CN,CC,C,CC,C,CC,C,CC,CO,OP,P,OP
287	C=O,C,CC,C1=CC=CC=C1,CN,CN,CC,C,CC,C,CC,C,CO
287	CO,C,CC,C1=CC=CC=C1,CN,CN,CC,C,CC,C,CC,C,CO
287	C=O,C,CC,C,CC,C,CC,CO,OP,P,O=P
287	C=O,C,CC,C,CC,C,CC,CO,OP,P,OP
287	C=O,C,CC,C1=CC=CC=C1,CN,CN,CC,C,CC,C,CO
287	CO,C,CC,C1=CC=CC=C1,CN,CN,CC,C,CC,C,CO
287	O=P,P,OP,CO,CC,C,CC,C,CO
287	OP,P,OP,CO,CC,C,CC,C,CO
287	C=O,C,CC,C1=CC=CC=C1,CN,CN,CC,C,C=O
287	CO,C,CC,C1=CC=CC=C1,CN,CN,CC,C,C=O
287	O=P,P,OP,CO,CC,C,CO
287	OP,P,OP,CO,CC,C,CO
287	C=O,C,CC,C,CC,C,CO
287	C=O,C,CC,C,CO
287	CO,C,CC,C,CO
287	O=P,P,OP
287	OP,P,OP
287	C=O,C,CO
6132	CN,C1=CNCN=C1,CN,C1CCOC1,CC,CO,OP,P,OP,OP,P,O=P
6132	CN,C1=CNCN=C1,CN,C1CCOC1,CC,CO,OP,P,OP,OP,P,OP
6132	O=P,P,OP,OP,P,OP,CO,CC,C1CCOC1,CN,C1=CNCN=C1,C=O
6132	OP,P,OP,OP,P,OP,CO,CC,C1CCOC1,CN,C1=CNCN=C1,C=O
6132	O=P,P,OP,OP,P,OP,CO,CC,C1CCOC1,CO
6132	OP,P,OP,OP,P,OP,CO,CC,C1CCOC1,CO
6132	CN,C1=CNCN=C1,CN,C1CCOC1,CC,CO,OP,P,O=P
6132	CN,C1=CNCN=C1,CN,C1CCOC1,CC,CO,OP,P,OP
6132	O=P,P,OP,CO,CC,C1CCOC1,CN,C1=CNCN=C1,C=O
6132	OP,P,OP,CO,CC,C1CCOC1,CN,C1=CNCN=C1,C=O
6132	O=P,P,OP,CO,CC,C1CCOC1,CO
6132	OP,P,OP,CO,CC,C1CCOC1,CO
6132	O=P,P,OP,OP,P,O=P
6132	O=P,P,OP,OP,P,OP
6132	OP,P,OP,OP,P,O=P
6132	OP,P,OP,OP,P,OP
6132	CN,C1=CNCN=C1,CN,C1CCOC1,CO
6132	CO,C1CCOC1,CN,C1=CNCN=C1,C=O
6132	CO,C1CCOC1,CO
6132	O=P,P,OP
6132	OP,P,OP
6132	CN,C1=CNCN=C1,C=O
292	CN,C1=CNCN=C1,CN,C1CCOC1,CC,CO,OP,P,OP,OP,P,OP,CO,C1CCOCC1,CC,CO
292	CO,CC,C1CCOCC1,CO,OP,P,OP,OP,P,OP,CO,CC,C1CCOC1,CN,C1=CNCN=C1,C=O
292	CN,C1=CNCN=C1,CN,C1CCOC1,CC,CO,OP,P,OP,OP,P,OP,CO,C1CCOCC1,CO
292	CO,C1CCOCC1,CO,OP,P,OP,OP,P,OP,CO,CC,C1CCOC1,CN,C1=CNCN=C1,C=O
292	CO,CC,C1CCOCC1,CO,OP,P,OP,OP,P,OP,CO,CC,C1CCOC1,CO
292	CO,C1CCOCC1,CO,OP,P,OP,OP,P,OP,CO,CC,C1CCOC1,CO
292	CN,C1=CNCN=C1,CN,C1CCOC1,CC,CO,OP,P,OP,OP,P,O=P
292	CN,C1=CNCN=C1,CN,C1CCOC1,CC,CO,OP,P,OP,OP,P,OP
292	O=P,P,OP,OP,P,OP,CO,CC,C1CCOC1,CN,C1=CNCN=C1,C=O
292	OP,P,OP,OP,P,OP,CO,CC,C1CCOC1,CN,C1=CNCN=C1,C=O
292	O=P,P,OP,OP,P,OP,CO,C1CCOCC1,CC,CO
292	OP,P,OP,OP,P,OP,CO,C1CCOCC1,CC,CO
292	O=P,P,OP,OP,P,OP,CO,CC,C1CCOC1,CO
292	OP,P,OP,OP,P,OP,CO,CC,C1CCOC1,CO
292	O=P,P,OP,OP,P,OP,CO,C1CCOCC1,CO
292	OP,P,OP,OP,P,OP,CO,C1CCOCC1,CO
292	CN,C1=CNCN=C1,CN,C1CCOC1,CC,CO,OP,P,O=P
292	CN,C1=CNCN=C1,CN,C1CCOC1,CC,CO,OP,P,OP
292	O=P,P,OP,CO,CC,C1CCOC1,CN,C1=CNCN=C1,C=O
292	OP,P,OP,CO,CC,C1CCOC1,CN,C1=CNCN=C1,C=O
292	O=P,P,OP,CO,C1CCOCC1,CC,CO
292	OP,P,OP,CO,C1CCOCC1,CC,CO
292	O=P,P,OP,CO,CC,C1CCOC1,CO
292	OP,P,OP,CO,CC,C1CCOC1,CO
292	O=P,P,OP,CO,C1CCOCC1,CO
292	OP,P,OP,CO,C1CCOCC1,CO
292	O=P,P,OP,OP,P,O=P
292	O=P,P,OP,OP,P,OP
292	OP,P,OP,OP,P,O=P
292	OP,P,OP,OP,P,OP
292	CN,C1=CNCN=C1,CN,C1CCOC1,CO
292	CO,C1CCOC1,CN,C1=CNCN=C1,C=O
292	CO,CC,C1CCOCC1,CO
292	CO,C1CCOCC1,CO
292	CO,C1CCOC1,CO
292	O=P,P,OP
292	CN,C1=CNCN=C1,C=O
293	CN,C1=CNCN=C1,CN,C1CCOC1,CC,CO,OP,P,OP,OP,P,OP,CO,CC,CN
293	CN,CC,CO,OP,P,OP,OP,P,OP,CO,CC,C1CCOC1,CN,C1=CNCN=C1,C=O
293	CN,CC,CO,OP,P,OP,OP,P,OP,CO,CC,C1CCOC1,CO
293	CN,C1=CNCN=C1,CN,C1CCOC1,CC,CO,OP,P,OP,OP,P,O=P
293	CN,C1=CNCN=C1,CN,C1CCOC1,CC,CO,OP,P,OP,OP,P,OP
293	O=P,P,OP,OP,P,OP,CO,CC,C1CCOC1,CN,C1=CNCN=C1,C=O
293	OP,P,OP,OP,P,OP,CO,CC,C1CCOC1,CN,C1=CNCN=C1,C=O
293	O=P,P,OP,OP,P,OP,CO,CC,C1CCOC1,CO
293	OP,P,OP,OP,P,OP,CO,CC,C1CCOC1,CO
293	CN,C1=CNCN=C1,CN,C1CCOC1,CC,CO,OP,P,O=P
293	CN,C1=CNCN=C1,CN,C1CCOC1,CC,CO,OP,P,OP
293	O=P,P,OP,CO,CC,C1CCOC1,CN,C1=CNCN=C1,C=O
293	OP,P,OP,CO,CC,C1CCOC1,CN,C1=CNCN=C1,C=O
293	O=P,P,OP,OP,P,OP,CO,CC,CN
293	OP,P,OP,OP,P,OP,CO,CC,CN
293	O=P,P,OP,CO,CC,C1CCOC1,CO
293	OP,P,OP,CO,CC,C1CCOC1,CO
293	O=P,P,OP,OP,P,O=P
293	O=P,P,OP,OP,P,OP
293	OP,P,OP,OP,P,O=P
293	OP,P,OP,OP,P,OP
293	O=P,P,OP,CO,CC,CN
293	OP,P,OP,CO,CC,CN
293	CN,C1=CNCN=C1,CN,C1CCOC1,CO
293	CO,C1CCOC1,CN,C1=CNCN=C1,C=O
293	CO,C1CCOC1,CO
293	O=P,P,OP
293	CN,C1=CNCN=C1,C=O
6255	CO,CC,C1CCOCC1,CO,CO,C1CCOCC1,CC,CO
6255	CO,CC,C1CCOCC1,CO,CO,C1CCOCC1,CO
6255	CO,C1CCOCC1,CO,CO,C1CCOCC1,CO
6255	CO,CC,C1CCOCC1,CO
6255	CO,C1CCOCC1,CC,CO
6255	CO,C1CCOCC1,CO
295	C=O,C1=CNC=NC1,C1=C[NH]C=N1,CN,C1CCOC1,C1COPOC1,P,O=P
295	C=O,C1=CNC=NC1,C1=C[NH]C=N1,CN,C1CCOC1,C1COPOC1,P,OP
295	CN,C1=CNC=NC1,C1=C[NH]C=N1,CN,C1CCOC1,C1COPOC1,P,O=P
295	CN,C1=CNC=NC1,C1=C[NH]C=N1,CN,C1CCOC1,C1COPOC1,P,OP
295	C=O,C1=CNC=NC1,C1=C[NH]C=N1,CN,C1CCOC1,CO
295	CN,C1=CNC=NC1,C1=C[NH]C=N1,CN,C1CCOC1,CO
295	CO,C1CCOC1,C1COPOC1,P,O=P
295	CO,C1CCOC1,C1COPOC1,P,OP
295	C=O,C1=CNC=NC1,CN
295	O=P,P,OP
299	CCl,C,C1CC2CCC1C2,C1CC2CCC1C2,CCl
299	CCl,C,C1CC2CCC1C2,C1CC2CCC1C2,C=O
299	CCl,C1CC2CCC1C2,C1CC2CCC1C2,C1CCC1
299	C1CCC1,C1CC2CCC1C2,C1CC2CCC1C2,C=O
299	CCl,C1CC2CCC1C2,C1CC2CCC1C2,CCl
299	CCl,C1CC2CCC1C2,C1CC2CCC1C2,C=O
299	CCl,C,C1CC2CCC1C2,C1CCC1
299	CCl,C1CC2CCC1C2,C,CCl
299	CCl,C,C1CC2CCC1C2,CCl
299	C1CCC1,C1CC2CCC1C2,C1CCC1
299	CCl,C1CC2CCC1C2,C1CCC1
299	CCl,C1CC2CCC1C2,CCl
299	CCl,C1CC2CCC1C2,C=O
299	CCl,C,CCl
302	C=O,C,CC,CC,CC,C,CC,C1CCCC1,C1CCCCC1,C1CCCCC1,C1CCCCC1,CO
302	C=O,C,CC,CC,CC,C,CC,C1CCCC1,C1CCCCC1,C1CCCCC1,C1CCCCC1,CC
302	CO,C,CC,CC,CC,C,CC,C1CCCC1,C1CCCCC1,C1CCCCC1,C1CCCCC1,CO
302	CO,C,CC,CC,CC,C,CC,C1CCCC1,C1CCCCC1,C1CCCCC1,C1CCCCC1,CC
302	C=O,C,CC,CC,CC,C,CC,C1CCCC1,C1CCCCC1,C1CCCCC1,C=O
302	CO,C,CC,CC,CC,C,CC,C1CCCC1,C1CCCCC1,C1CCCCC1,C=O
302	C=O,C,CC,CC,CC,C,CC,C1CCCC1,C1CCCCC1,CO
302	C=O,C,CC,CC,CC,C,CC,C1CCCC1,C1CCCCC1,CC
302	CO,C,CC,CC,CC,C,CC,C1CCCC1,C1CCCCC1,CO
302	CO,C,CC,CC,CC,C,CC,C1CCCC1,C1CCCCC1,CC
302	CC,C,CC,C1CCCC1,C1CCCCC1,C1CCCCC1,C1CCCCC1,CO
302	CC,C,CC,C1CCCC1,C1CCCCC1,C1CCCCC1,C1CCCCC1,CC
302	CC,C,CC,C1CCCC1,C1CCCCC1,C1CCCCC1,C=O
302	CC,C,CC,CC,CC,C,C=O
302	CC,C,CC,CC,CC,C,CO
302	CC,C,CC,C1CCCC1,C1CCCCC1,CO
302	CC,C,CC,C1CCCC1,C1CCCCC1,CC
302	CO,C1CCCCC1,C1CCCCC1,C1CCCCC1,CO
302	CO,C1CCCCC1,C1CCCCC1,C1CCCCC1,CC
302	CC,C1CCCCC1,C1CCCCC1,C1CCCCC1,CO
302	CC,C1CCCCC1,C1CCCCC1,C1CCCCC1,CC
302	C=O,C1CCCCC1,C1CCCCC1,CO
302	C=O,C1CCCCC1,C1CCCCC1,CC
302	CO,C1CCCCC1,CC
302	C=O,C,CO
6676	C=O,C,CC,CC,CC,C,CC,C1CCCC1,C1CCCCC1,C1CCCCC1,C1CCCCC1,CO
6676	C=O,C,CC,CC,CC,C,CC,C1CCCC1,C1CCCCC1,C1CCCCC1,C1CCCCC1,CC
6676	CO,C,CC,CC,CC,C,CC,C1CCCC1,C1CCCCC1,C1CCCCC1,C1CCCCC1,CO
6676	CO,C,CC,CC,CC,C,CC,C1CCCC1,C1CCCCC1,C1CCCCC1,C1CCCCC1,CC
6676	C=O,C,CC,CC,CC,C,CC,C1CCCC1,C1CCCCC1,C1CCCCC1,CO
6676	CO,C,CC,CC,CC,C,CC,C1CCCC1,C1CCCCC1,C1CCCCC1,CO
6676	C=O,C,CC,CC,CC,C,CC,C1CCCC1,C1CCCCC1,CO
6676	C=O,C,CC,CC,CC,C,CC,C1CCCC1,C1CCCCC1,CC
6676	CO,C,CC,CC,CC,C,CC,C1CCCC1,C1CCCCC1,CO
6676	CO,C,CC,CC,CC,C,CC,C1CCCC1,C1CCCCC1,CC
6676	CC,C,CC,C1CCCC1,C1CCCCC1,C1CCCCC1,C1CCCCC1,CO
6676	CC,C,CC,C1CCCC1,C1CCCCC1,C1CCCCC1,C1CCCCC1,CC
6676	CC,C,CC,C1CCCC1,C1CCCCC1,C1CCCCC1,CO
6676	CC,C,CC,CC,CC,C,C=O
6676	CC,C,CC,CC,CC,C,CO
6676	CC,C,CC,C1CCCC1,C1CCCCC1,CO
6676	CC,C,CC,C1CCCC1,C1CCCCC1,CC
6676	CO,C1CCCCC1,C1CCCCC1,C1CCCCC1,CO
6676	CO,C1CCCCC1,C1CCCCC1,C1CCCCC1,CC
6676	CC,C1CCCCC1,C1CCCCC1,C1CCCCC1,CO
6676	CC,C1CCCCC1,C1CCCCC1,C1CCCCC1,CC
6676	CO,C1CCCCC1,C1CCCCC1,CO
6676	CO,C1CCCCC1,C1CCCCC1,CC
6676	CC,C1CCCCC1,C1CCCCC1,CO
6676	CO,C1CCCCC1,CC
6676	C=O,C,CO
5997	CC,C,CC,CC,CC,CC,C,CC,C1CCCC1,C1CCCCC1,C1=CCCCC1,C1CCCCC1,CO
5997	CC,C,CC,CC,CC,CC,C,CC,C1CCCC1,C1CCCCC1,C1=CCCCC1,C1CCCCC1,CC
5997	CC,C,CC,CC,CC,CC,C,CC,C1CCCC1,C1CCCCC1,CC
5997	CC,C,CC,C1CCCC1,C1CCCCC1,C1=CCCCC1,C1CCCCC1,CO
5997	CC,C,CC,C1CCCC1,C1CCCCC1,C1=CCCCC1,C1CCCCC1,CC
5997	CC,C,CC,CC,CC,CC,C,CC
5997	CC,C,CC,C1CCCC1,C1CCCCC1,CC
5997	CO,C1CCCCC1,C1=CCCCC1,C1CCCCC1,CC
5997	CC,C1CCCCC1,C1=CCCCC1,C1CCCCC1,CC
5997	CO,C1CCCCC1,CC
5997	CC,C,CC
306	C=O,C,CC,C,CO,CO,C1=CCCC=C1,CC,C,C=O
306	C=O,C,CC,C,CO,CO,C1=CCCC=C1,CC,C,CO
306	CO,C,CC,C,CO,CO,C1=CCCC=C1,CC,C,C=O
306	CO,C,CC,C,CO,CO,C1=CCCC=C1,CC,C,CO
306	C=C,C,CO,CO,C1=CCCC=C1,CC,C,C=O
306	C=C,C,CO,CO,C1=CCCC=C1,CC,C,CO
306	C=O,C,CC,C,CO,CO,C1=CCCC=C1,CO
306	CO,C,CC,C,CO,CO,C1=CCCC=C1,CO
306	C=C,C,CO,CO,C1=CCCC=C1,CO
306	CO,C1=CCCC=C1,CC,C,C=O
306	CO,C1=CCCC=C1,CC,C,CO
306	C=C,C,CC,C,C=O
306	C=C,C,CC,C,CO
306	C=O,C,CO
6131	CN,C1=CNCN=C1,CN,C1CCOC1,CC,CO,OP,P,O=P
6131	CN,C1=CNCN=C1,CN,C1CCOC1,CC,CO,OP,P,OP
6131	O=P,P,OP,CO,CC,C1CCOC1,CN,C1=CNCN=C1,C=O
6131	OP,P,OP,CO,CC,C1CCOC1,CN,C1=CNCN=C1,C=O
6131	O=P,P,OP,CO,CC,C1CCOC1,CO
6131	OP,P,OP,CO,CC,C1CCOC1,CO
6131	CN,C1=CNCN=C1,CN,C1CCOC1,CO
6131	CO,C1CCOC1,CN,C1=CNCN=C1,C=O
6131	CO,C1CCOC1,CO
6131	O=P,P,OP
6131	OP,P,OP
6131	CN,C1=CNCN=C1,C=O
